title,view,timeline,youtuber,genre,thumbnail
Louis Vuitton Spring-Summer 2023 Fashion Show | LOUIS VUITTON,10480000,스트리밍 시간: 1개월 전,Louis Vuitton,패션,https://i.ytimg.com/vi/Xn5qX2qbPdk/hq720.jpg?sqp=-oaymwEcCOgCEMoBSFXyq4qpAw4IARUAAIhCGAFwAcABBg==&rs=AOn4CLBdJpjoQG3tHunELUi_P-y6Z3CqFw
Exquisite Gucci,7600000,스트리밍 시간: 8개월 전,GUCCI,패션,https://i.ytimg.com/vi/SBACvcRB3es/hq720.jpg?sqp=-oaymwEcCOgCEMoBSFXyq4qpAw4IARUAAIhCGAFwAcABBg==&rs=AOn4CLDwIfjYuQLS9OaEnQRLlt_75HPrWQ
Balenciaga 360° Show Winter 22 Collection,5550000,스트리밍 시간: 8개월 전,Balenciaga,패션,https://i.ytimg.com/vi/NTXbCdS5hdY/hq720.jpg?sqp=-oaymwEcCOgCEMoBSFXyq4qpAw4IARUAAIhCGAFwAcABBg==&rs=AOn4CLBm2E0QVmyoyMWm8x6kFZs0o9GazQ
The Gucci Twinsburg Fashion Show,4250000,스트리밍 시간: 1개월 전,GUCCI,패션,https://i.ytimg.com/vi/XhROrqqJpuI/hq720.jpg?sqp=-oaymwEcCOgCEMoBSFXyq4qpAw4IARUAAIhCGAFwAcABBg==&rs=AOn4CLAlGfy1gwPPoA40ntISrSczSR9yAw
Cruise 2023 Fashion Show | LOUIS VUITTON,3970000,스트리밍 시간: 5개월 전,Louis Vuitton,패션,https://i.ytimg.com/vi/qu3fySrXLpY/hq720.jpg?sqp=-oaymwEcCOgCEMoBSFXyq4qpAw4IARUAAIhCGAFwAcABBg==&rs=AOn4CLDNVweKVSmAfBZf5-ZRzB-UwD8stA
Dior Fall 2022 Show,3960000,스트리밍 시간: 6개월 전,Christian Dior,패션,https://i.ytimg.com/vi/hTU4_-iWJWQ/hqdefault.jpg?sqp=-oaymwEcCOADEI4CSFXyq4qpAw4IARUAAIhCGAFwAcABBg==&rs=AOn4CLC5-sHWi6eJJ0hpYL93F_pTbveETQ
Miuccia Prada and Raf Simons present Prada FW22 Womenswear Collection,3910000,스트리밍 시간: 8개월 전,Prada,패션,https://i.ytimg.com/vi/ksvXnpnmYOc/hq720.jpg?sqp=-oaymwEcCOgCEMoBSFXyq4qpAw4IARUAAIhCGAFwAcABBg==&rs=AOn4CLD2c35RE09m9tx6d-qvJQ0LR_asrA
[ENG]※안구주의※ 테니스 코트 위 패션 테러리스트 5인,3700000,9개월 전,윔블맨 WIMBLEMAN,패션,https://i.ytimg.com/vi/bv8L-71zhfU/hq720.jpg?sqp=-oaymwEcCOgCEMoBSFXyq4qpAw4IARUAAIhCGAFwAcABBg==&rs=AOn4CLC8Ie0-zExtX4tleEdNwzu48kkyPg
"50,60,70 세 이후 패션. 런던의 우아한 시대에 옷을 입는 방법",3490000,3개월 전,Natasha Faterina - street fashion in London.,패션,https://i.ytimg.com/vi/P8phrtnH8_s/hq720.jpg?sqp=-oaymwEcCOgCEMoBSFXyq4qpAw4IARUAAIhCGAFwAcABBg==&rs=AOn4CLCEzWkPx2kXS4YG57q0m-OWQN7fwA
Catwalk Battle 걸어가며 고르는 옷으로 변신?! 제 점수는요! 패션배틀이다! 랄라게임,3320000,11개월 전,랄라TV,패션,https://i.ytimg.com/vi/sxVaYSH2F8Y/hq720.jpg?sqp=-oaymwEcCOgCEMoBSFXyq4qpAw4IARUAAIhCGAFwAcABBg==&rs=AOn4CLAzQn4Dx2NaC8E1DUUZqQYmQ998cQ
The Dior Spring-Summer 2023 Show,3090000,스트리밍 시간: 1개월 전,Christian Dior,패션,https://i.ytimg.com/vi/DsZhTIwJV5E/hq720.jpg?sqp=-oaymwEcCOgCEMoBSFXyq4qpAw4IARUAAIhCGAFwAcABBg==&rs=AOn4CLAvZm_2VpcTg25fbNN8lMFthwK-HQ
Versace Spring-Summer 2023 Women’s | Fashion Show | Versace,2750000,스트리밍 시간: 1개월 전,Versace,패션,https://i.ytimg.com/vi/hoKDrFyQDy0/hq720.jpg?sqp=-oaymwEcCOgCEMoBSFXyq4qpAw4IARUAAIhCGAFwAcABBg==&rs=AOn4CLBxPjldmHUHcXffdrxlJ1YSipAYvA
옷을 꼭 입어보고 사야하는 이유ㅋㅋㅋㅋㅋㅋㅋㅋ[구독자패평 겨울편],2670000,11개월 전,혜안,패션,https://i.ytimg.com/vi/mRzrcF99yrU/hq720.jpg?sqp=-oaymwEcCOgCEMoBSFXyq4qpAw4IARUAAIhCGAFwAcABBg==&rs=AOn4CLD8DFJDskJOSEehmpxiq56Wey163w
CHANEL Fashion Show vlog,2590000,11일 전,Jennierubyjane Official,패션,https://i.ytimg.com/vi/JyBd-qPKqpU/hq720.jpg?sqp=-oaymwEcCOgCEMoBSFXyq4qpAw4IARUAAIhCGAFwAcABBg==&rs=AOn4CLA_msQCwLQvZuVmKjCUnZP0pBBecQ
런닝맨패션지적4,2490000,11개월 전,런닝맨 - 스브스 공식 채널,패션,https://i.ytimg.com/vi/0xBu251omcw/hq720.jpg?sqp=-oaymwEcCOgCEMoBSFXyq4qpAw4IARUAAIhCGAFwAcABBg==&rs=AOn4CLC1oFKgjs44qAYL3mF13MiQYSsobA
SUB)4K 비행기 승무원st 스커트 패션 룩북 | 오피스룩 | cabin crew uniform office LOOKBOOK korean | work fashion,2260000,6개월 전,Minjeong Jeong,패션,https://i.ytimg.com/vi/kaDB0MlJvV0/hqdefault.jpg?sqp=-oaymwEcCOADEI4CSFXyq4qpAw4IARUAAIhCGAFwAcABBg==&rs=AOn4CLDAA0e0PWsQbdLYWuY9GnSlX6VS2w
[#갓구운클립] 77사이즈 입는 분을 44까지 보이게 하는 게 저희 일이죠^^ 힙한 댄서에서 한국 최초✨ D올 디자이너가 된 임세아 자기님 | #유퀴즈온더블럭,2240000,6개월 전,tvN D ENT,패션,https://i.ytimg.com/vi/uTM9rnJ_B5I/hq720.jpg?sqp=-oaymwEcCOgCEMoBSFXyq4qpAw4IARUAAIhCGAFwAcABBg==&rs=AOn4CLBAOsbNWegLRSZSATEA8gLzzt9dpg
(4K 세로) 간호사 코스프레 + 가터벨트 스타킹 촬영 / 유니폼 코스튬 패션 룩북 직캠 / Nurse Cosplay & Stockings Fashion Photo Session,2110000,7개월 전,뒤태미인 이블린 Evelyn,패션,https://i.ytimg.com/vi/fCgrOwcb5b8/hqdefault.jpg?sqp=-oaymwEcCOADEI4CSFXyq4qpAw4IARUAAIhCGAFwAcABBg==&rs=AOn4CLDFamGV7UoGNAFEblY0lLgOv5OCIw
[도장TV 58회] 역시.. 패션의 완성은 헤어!! -_- 투머치 이지만 괜찮아 ㅋㅋ,1970000,5개월 전,도장TV,패션,https://i.ytimg.com/vi/Gzq3lrzDG8c/hq720.jpg?sqp=-oaymwEcCOgCEMoBSFXyq4qpAw4IARUAAIhCGAFwAcABBg==&rs=AOn4CLCEVvcPiE7bZsQS0oHW8ENFtY1Wew
한 끗 차이로 여름에 고급스럽게 옷 잘 입는 방법✔️(반모!),1910000,4개월 전,AliceFunk 앨리스펑크,패션,https://i.ytimg.com/vi/w_KwgqZS2ts/hq720.jpg?sqp=-oaymwEcCOgCEMoBSFXyq4qpAw4IARUAAIhCGAFwAcABBg==&rs=AOn4CLDIlBbpigkr9pJph7a1Xb0stophkA
꼴보기 싫은데 사이는 좋은 다비치 패션 대결,1640000,8개월 전,걍밍경,패션,https://i.ytimg.com/vi/LrmFUyfieOQ/hq720.jpg?sqp=-oaymwEcCOgCEMoBSFXyq4qpAw4IARUAAIhCGAFwAcABBg==&rs=AOn4CLDmyfEzOSe8zo9kaRhQY1WxiRKQDA
요즘 초딩 패션 말안된다 ㅋㅋㅋㅋㅋㅋㅋㅋㅋㅋㅋㅋㅋㅋㅋㅋㅋㅋㅋ,1540000,7개월 전,쩡대의 패션하우스,패션,https://i.ytimg.com/vi/Hc2VyVl1x-I/hq720.jpg?sqp=-oaymwEcCOgCEMoBSFXyq4qpAw4IARUAAIhCGAFwAcABBg==&rs=AOn4CLAPlPkOahXAK-h9KAk__NYKP74vZw
한물간 패션은 노노~ 한끗차이로 달라지는 부츠코디 👢 님아 이렇게 입지마오..,1490000,11개월 전,옆집언니 최실장 stylist unnie,패션,https://i.ytimg.com/vi/42WId13DCDg/hq720.jpg?sqp=-oaymwEcCOgCEMoBSFXyq4qpAw4IARUAAIhCGAFwAcABBg==&rs=AOn4CLBrPIW4hf4-EsayHrAAaxGqF60wPA
Women’s Fall-Winter 2022 Fashion Show | LOUIS VUITTON,1360000,7개월 전,Louis Vuitton,패션,https://i.ytimg.com/vi/yekdy9NZCdw/hqdefault.jpg?sqp=-oaymwEcCOADEI4CSFXyq4qpAw4IARUAAIhCGAFwAcABBg==&rs=AOn4CLDnyHcSA0pOFSIdjW1mLa5FvtswwQ
Miu Miu Spring/Summer 2023 Fashion Show,1310000,스트리밍 시간: 1개월 전,Miu Miu,패션,https://i.ytimg.com/vi/aO2mh3Dwl8g/hq720.jpg?sqp=-oaymwEcCOgCEMoBSFXyq4qpAw4IARUAAIhCGAFwAcABBg==&rs=AOn4CLAUHJIFEHeZAIUJD1Yo9b_7w23ZWQ
"남자패션쇼에 나타난 여자모델 한혜진 (배정남, 서울패션위크)",1310000,2주 전,한혜진 Han Hye Jin,패션,https://i.ytimg.com/vi/jc3n8tbWY_4/hq720.jpg?sqp=-oaymwEcCOgCEMoBSFXyq4qpAw4IARUAAIhCGAFwAcABBg==&rs=AOn4CLDcGTlM5QcR48u48w9Rf4B8fVJAwA
옷 입기 전에 절대 모르면 안되는 4가지 원칙✅ _ 옷 잘입고 싶으면 꼭 알아야 할 컬러매치 공식 ⚫️⚪️🟢,1270000,3주 전,메리지히_MerryJihee,패션,https://i.ytimg.com/vi/xj5N6dDGcyU/hq720.jpg?sqp=-oaymwEcCOgCEMoBSFXyq4qpAw4IARUAAIhCGAFwAcABBg==&rs=AOn4CLD2PtC4ZYe3wD2XAfGJPGSbvSXV9w
99%가 모르는 넣입이 안어울리는 이유,1250000,4개월 전,깡스타일리스트,패션,https://i.ytimg.com/vi/BX5WEjJWJng/hq720.jpg?sqp=-oaymwEcCOgCEMoBSFXyq4qpAw4IARUAAIhCGAFwAcABBg==&rs=AOn4CLBpSinSWt00GeHNx-Me7Xdt6jpVdQ
송지아 = 패션 유튜버 free지아 | 솔로지옥 Single’s Inferno | 넷플릭스,1210000,10개월 전,Netflix Korea 넷플릭스 코리아,패션,https://i.ytimg.com/vi/1NhROHTHHGw/hq720.jpg?sqp=-oaymwEcCOgCEMoBSFXyq4qpAw4IARUAAIhCGAFwAcABBg==&rs=AOn4CLDzYz6m_Wiqwrh6QmEVQNWCkbvqcw
멋진 패션 아이디어와 신발 꿀팁 | 저렴하고 화려한 DIY 공예품으로 옷 업그레이드,1150000,2개월 전,5-Minute Crafts Recycle,패션,https://i.ytimg.com/vi/kSKzM_2PCug/hq720.jpg?sqp=-oaymwEcCOgCEMoBSFXyq4qpAw4IARUAAIhCGAFwAcABBg==&rs=AOn4CLDI2iQCE-Q0pF-MT_FYPa78gPYGvQ
Balenciaga Summer 23 Collection,1110000,스트리밍 시간: 1개월 전,Balenciaga,패션,https://i.ytimg.com/vi/Yh_1K9s6UV0/hq720.jpg?sqp=-oaymwE2COgCEMoBSFXyq4qpAygIARUAAIhCGAFwAcABBvABAfgB_gmAAtAFigIMCAAQARhlIFIoSzAP&rs=AOn4CLDRb5655MJJzE5rVQdBT6xzKGkuXg
당신을 늙고 구식으로 보이게 만드는 10가지 패션 실수!,1070000,6개월 전,Shea Whitney,패션,https://i.ytimg.com/vi/RGFepU7VXcY/hq720.jpg?sqp=-oaymwEcCOgCEMoBSFXyq4qpAw4IARUAAIhCGAFwAcABBg==&rs=AOn4CLCxx-IKk3vI4YLhX5f1320q_MfL_Q
Opening Kep1er | Fall/Winter 2022 | Seoul Fashion Week,1030000,7개월 전,Seoul Fashion Week | 서울패션위크,패션,https://i.ytimg.com/vi/v7wVOm_MrLE/hq720.jpg?sqp=-oaymwEcCOgCEMoBSFXyq4qpAw4IARUAAIhCGAFwAcABBg==&rs=AOn4CLDnI4gdiqTxBg7tR3hzdhNtR003wQ
[무도] “죄송한데 그 옷 사입은 거예요?🤔” 한국 패션 역사는 정형돈 이전과 이후로 나뉜다…!👕 ‘썩소 앤 더 시티’ 2편 MBC070915방송,1010000,11개월 전,옛능 : MBC 옛날 예능 다시보기,패션,https://i.ytimg.com/vi/C_Iolvgxy2k/hq720.jpg?sqp=-oaymwEcCOgCEMoBSFXyq4qpAw4IARUAAIhCGAFwAcABBg==&rs=AOn4CLDlGAgC0IBH2kfEa5KplFRQp-qoow
"매일 맛있게 먹는 건강한 집밥 / 죽순 손질, 미나리 구이, 패션후르츠청 만들기, 플로킹, 일상 Vlog / Cook with me",990000,6개월 전,꿀주부 Honeyjubu,패션,https://i.ytimg.com/vi/sCVaOmiTipc/hq720.jpg?sqp=-oaymwEcCOgCEMoBSFXyq4qpAw4IARUAAIhCGAFwAcABBg==&rs=AOn4CLAeB-lDo2Hj-PANP5ii5CcWzK9rVQ
BOSS Fall Winter 2022 | Milan Fashion Show,970000,스트리밍 시간: 1개월 전,BOSS,패션,https://i.ytimg.com/vi/7EKGOxw-frs/hq720.jpg?sqp=-oaymwEcCOgCEMoBSFXyq4qpAw4IARUAAIhCGAFwAcABBg==&rs=AOn4CLD4aaqZd-qlZ0l9NVXpA2VhDfJeIQ
"[나 혼자 산다 선공개] 패션에도 꾸준히 노력하는 아티스트 이찬혁♦️! 심상치 않은 찬혁착장👕, MBC 221014 방송",960000,3주 전,나혼자산다 STUDIO,패션,https://i.ytimg.com/vi/YfnluJrFfeU/hq720.jpg?sqp=-oaymwEcCOgCEMoBSFXyq4qpAw4IARUAAIhCGAFwAcABBg==&rs=AOn4CLDP9Wskbm70vYJaazX9h6b60u9hXg
"[나 혼자 산다]😎옷 잘 입는 전현무,, 이게 되네??😇현무 패션 심폐소생에 성공한 코쿤👨‍⚕️👕| #전현무 #코쿤 MBC220617방송",950000,4개월 전,엠뚜루마뚜루 : MBC 공식 종합 채널,패션,https://i.ytimg.com/vi/jgHeeGki354/hq720.jpg?sqp=-oaymwEcCOgCEMoBSFXyq4qpAw4IARUAAIhCGAFwAcABBg==&rs=AOn4CLA-N3uyZNMTXjd5RkuwBx-_mupzbA
"혜안이 직접 하는 ""혜안 패션 월드컵""ㅋㅋㅋㅋㅋㅋㅋㅋㅋ",940000,5개월 전,혜안,패션,https://i.ytimg.com/vi/X9i2zEu1Juk/hq720.jpg?sqp=-oaymwEcCOgCEMoBSFXyq4qpAw4IARUAAIhCGAFwAcABBg==&rs=AOn4CLCqeqRdNXdGA0HJg3CWCjijEQQwaQ
"""이렇게 입으면 허수다"" 구독자 독서실 패션까지 훈수질 해버리기",910000,10개월 전,미미미누,패션,https://i.ytimg.com/vi/l5pIl6cuPRM/hq720.jpg?sqp=-oaymwEcCOgCEMoBSFXyq4qpAw4IARUAAIhCGAFwAcABBg==&rs=AOn4CLBzpVYq4whT50sLHqR8FagTYy7kCQ
"놀아줘클럽, 패션모델 데뷔했습니다💥 갓벽한 패션쇼 런웨이 | 🎵We are 첫 무대 | 놀아줘클럽 142화",910000,10개월 전,포켓TV / Pocket TV,패션,https://i.ytimg.com/vi/OBLc3yncs2k/hqdefault.jpg?sqp=-oaymwEcCOADEI4CSFXyq4qpAw4IARUAAIhCGAFwAcABBg==&rs=AOn4CLAq8Ot4Upujpa75kMuWvZhIkGLPyA
2022년에 0000은 옷장에 잠시 넣어두세요! 아이템 6가지✔️,820000,10개월 전,AliceFunk 앨리스펑크,패션,https://i.ytimg.com/vi/Q-e3WF4oNoI/hq720.jpg?sqp=-oaymwEcCOgCEMoBSFXyq4qpAw4IARUAAIhCGAFwAcABBg==&rs=AOn4CLABcRy1QoUi5t1yJvKAGpJeGfTB-w
패션전문가가 알려주는 키 커보이는 법 (ft.제니가 키가 커보이는 이유)//셜록뷰티🔎,800000,8개월 전,셜록뷰티 - 아름다움은 과학이다,패션,https://i.ytimg.com/vi/zI8Z02WZJ24/hq720.jpg?sqp=-oaymwEcCOgCEMoBSFXyq4qpAw4IARUAAIhCGAFwAcABBg==&rs=AOn4CLDpR9PJG1pLBvfCwxoA-qQ62hLMHw
Fendi | Resort 2023 | Fashion Show,780000,1개월 전,Runway Collections,패션,https://i.ytimg.com/vi/xZ2tCTuJI5E/hq720.jpg?sqp=-oaymwEcCOgCEMoBSFXyq4qpAw4IARUAAIhCGAFwAcABBg==&rs=AOn4CLB2-BTYbbRA44FwaS1X6ZhQV4qydA
진짜 일진이 나타났다..😲 진짜 애들 무섭닼ㅋㅋㅋㅋㅋㅋ,740000,3개월 전,쩡대의 패션하우스,패션,https://i.ytimg.com/vi/Jb_k9Qgun4o/hq720.jpg?sqp=-oaymwEcCOgCEMoBSFXyq4qpAw4IARUAAIhCGAFwAcABBg==&rs=AOn4CLC8g-mMIPyqvRcRoNV7WsezkaZvvA
이렇게 입지마세요..한 끗 차이로 내 옷이 저렴해보이는 이유🥺,740000,10개월 전,AliceFunk 앨리스펑크,패션,https://i.ytimg.com/vi/o3wUMfUul1Y/hq720.jpg?sqp=-oaymwEcCOgCEMoBSFXyq4qpAw4IARUAAIhCGAFwAcABBg==&rs=AOn4CLCqN41Z9j9qUVoZNQkoXT470fD7Og
남자들이 좋아하는 여자 패션템,730000,9개월 전,오피니언,패션,https://i.ytimg.com/vi/G__Q8hrWcfw/hq720.jpg?sqp=-oaymwEcCOgCEMoBSFXyq4qpAw4IARUAAIhCGAFwAcABBg==&rs=AOn4CLCqXk80pXZK_EshGNhs63HHdBChCA
옷 찐따처럼 입는 패션고자 친구 옷 전부다 파괴시키기 ㅋㅋㅋㅋㅋ,730000,4개월 전,더블비,패션,https://i.ytimg.com/vi/jvs8Hv3CLNw/hq720.jpg?sqp=-oaymwEcCOgCEMoBSFXyq4qpAw4IARUAAIhCGAFwAcABBg==&rs=AOn4CLCLO9ASSxUjI1UEcG9qIQhSjJZeYg
"[복학생 vlog] 연애 45일차💕 패션 이과의 상견례 브이로그(강의실 프로포즈, 스파르타코딩클럽, 피시방 데이트, 고부갈등, 혼수 준비, 팀플 레전드 발표)",710000,2개월 전,빠더너스 BDNS,패션,https://i.ytimg.com/vi/L5HrKY8T_jU/hq720.jpg?sqp=-oaymwEcCOgCEMoBSFXyq4qpAw4IARUAAIhCGAFwAcABBg==&rs=AOn4CLAq6kj-ZBN74yWnWjMrdhpuCYtYWw
20대 여직원 패션대결! ㅗㅜㅑ... 과연 승자는?,690000,6개월 전,핫도그,패션,https://i.ytimg.com/vi/al7KhgJ9J0M/hq720.jpg?sqp=-oaymwEcCOgCEMoBSFXyq4qpAw4IARUAAIhCGAFwAcABBg==&rs=AOn4CLApX3AaSxl_tHoYB75BuNt_tGDy6g
[휴먼시네마] 일진들의 패션,690000,6개월 전,별놈들,패션,https://i.ytimg.com/vi/Xks8V2yb7HI/hqdefault.jpg?sqp=-oaymwEcCOADEI4CSFXyq4qpAw4IARUAAIhCGAFwAcABBg==&rs=AOn4CLCXtKHfRfFNeoZ-78pofIp3DYYrPQ
"올 가을은 작년처럼 절대 입지 마세요! ❌ 이제 옷 잘 입으려면 000를 추가해야 합니다. 이번 가을, 겨울엔 옷 이렇게 입으시면 돼요. _ 2022 FW 패션트렌드",680000,2개월 전,메리지히_MerryJihee,패션,https://i.ytimg.com/vi/KqNsscUnT4w/hq720.jpg?sqp=-oaymwEcCOgCEMoBSFXyq4qpAw4IARUAAIhCGAFwAcABBg==&rs=AOn4CLDo6O7urwduJITJc7x56u7rLqmggA
대한민국 씹어먹다가 떡락한 패션브랜드들,670000,7개월 전,속풀이짬뽕알뜰세트,패션,https://i.ytimg.com/vi/x8uHKO7_Jew/hq720.jpg?sqp=-oaymwEcCOgCEMoBSFXyq4qpAw4IARUAAIhCGAFwAcABBg==&rs=AOn4CLBAFdUoJFrbpy8-pUBh5sgBwiVsWw
브레드이발소3 | 본편 21화 | 패션왕 브레드 | 애니메이션/만화/디저트/animation/cartoon/dessert,670000,1개월 전,브레드이발소,패션,https://i.ytimg.com/vi/EVFfc-pggbM/hq720.jpg?sqp=-oaymwEcCOgCEMoBSFXyq4qpAw4IARUAAIhCGAFwAcABBg==&rs=AOn4CLCEYHs3TrV3G_2BCxBYbGEt8lxcIw
"김건희 vs 김정숙 패션 비교, 영부인의 패션",660000,7개월 전,이슈탱천,패션,https://i.ytimg.com/vi/Gzkz3nwmwTs/hq720.jpg?sqp=-oaymwEcCOgCEMoBSFXyq4qpAw4IARUAAIhCGAFwAcABBg==&rs=AOn4CLADGD-6iYcUSI5HLPd0Z6YPSKw5_w
명품 없이 고급스럽게 옷 입는 법! 간절기 코디 꿀팁✨ 【펄이지엥】,650000,2개월 전,펄이지엥 Pearlysien,패션,https://i.ytimg.com/vi/yjhnC7Q_nEw/hq720.jpg?sqp=-oaymwEcCOgCEMoBSFXyq4qpAw4IARUAAIhCGAFwAcABBg==&rs=AOn4CLAPiCMk3mEcz3xcg3GIBXW-wnu8-w
내 입맛대로 배우자 옷 입히는 패션 하울,650000,5개월 전,해쭈 [HAEJOO],패션,https://i.ytimg.com/vi/odA6ypBHYfg/hq720.jpg?sqp=-oaymwEcCOgCEMoBSFXyq4qpAw4IARUAAIhCGAFwAcABBg==&rs=AOn4CLBXUBzDxj-mTaxFIcEJaD8at8-0zA
"돈 안 쓰고 잘 입고 싶을때✔️무조건 참고하는 클래식 패피들! 기본템 활용, 요즘 스타일까지💚",650000,7개월 전,AliceFunk 앨리스펑크,패션,https://i.ytimg.com/vi/IOt5FR3T--0/hq720.jpg?sqp=-oaymwEcCOgCEMoBSFXyq4qpAw4IARUAAIhCGAFwAcABBg==&rs=AOn4CLC3VEYRRMLdAF_kKdr9E7S7bseCeQ
한혜진 스타일 보고 기절하는 정혁(2022 가을패션 / 댓글이벤트),640000,4주 전,한혜진 Han Hye Jin,패션,https://i.ytimg.com/vi/-VX_vwLCB40/hq720.jpg?sqp=-oaymwEcCOgCEMoBSFXyq4qpAw4IARUAAIhCGAFwAcABBg==&rs=AOn4CLABwkktVqlB4EH9Pp7lzgN2oZ3b7w
제2의 전성기 📈 한동안 주춤했다가 최근 다시 떡상한 패션 아이템,640000,1개월 전,옆집언니 최실장 stylist unnie,패션,https://i.ytimg.com/vi/qW0isCiWsCc/hq720.jpg?sqp=-oaymwEcCOgCEMoBSFXyq4qpAw4IARUAAIhCGAFwAcABBg==&rs=AOn4CLAW-GBkmgtHwtWbSQbEnOVBvGlIBA
[#유퀴즈온더블럭] 세계를 사로잡은 패션 디자이너🧥✨ 한국 패션의 품격을 높인 우영미 자기님의 파리 진출기 | #Diggle #갓구운클립,630000,11개월 전,tvN D ENT,패션,https://i.ytimg.com/vi/SDgj5vGWquw/hq720.jpg?sqp=-oaymwEcCOgCEMoBSFXyq4qpAw4IARUAAIhCGAFwAcABBg==&rs=AOn4CLCw3hAuzscG7VgTGZhU-89KP98DxA
"MBN 뉴스파이터-'저가 패션' 즐기던 김건희 여사, 명품 액세서리 화제",610000,4개월 전,MBN News,패션,https://i.ytimg.com/vi/uyU6qJkFvkc/hq720.jpg?sqp=-oaymwEcCOgCEMoBSFXyq4qpAw4IARUAAIhCGAFwAcABBg==&rs=AOn4CLD6h0u7sWoAmgikzeJgtDTtY8ia6w
사면 평생 쓴다! 남자들이 가을에 가장 먼저 사야하는 옷들,610000,2개월 전,깡스타일리스트,패션,https://i.ytimg.com/vi/EqODV8ZC74U/hq720.jpg?sqp=-oaymwEcCOgCEMoBSFXyq4qpAw4IARUAAIhCGAFwAcABBg==&rs=AOn4CLD2nAFtejzsYDohGn3F8u4K7TVXJA
(ENG) 민혁 현식 결혼식에 창섭이 축가하고 은광이 알래스카를 간다고😲 비투비 세계관과 패션의 대통합 | 배달의 프로들2 ep.02,590000,1개월 전,"세상이 사랑하는 패션, 세사패TV",패션,https://i.ytimg.com/vi/75gNWLES3kM/hqdefault.jpg?sqp=-oaymwEcCOADEI4CSFXyq4qpAw4IARUAAIhCGAFwAcABBg==&rs=AOn4CLBgWWlBlgcfW6Q-S-X8VKkzHYV9eA
🧥 배우자가 골라준 옷 입어보는 패션 쇼핑 하울,590000,3개월 전,해쭈 [HAEJOO],패션,https://i.ytimg.com/vi/EcvUinxOvWI/hq720.jpg?sqp=-oaymwEcCOgCEMoBSFXyq4qpAw4IARUAAIhCGAFwAcABBg==&rs=AOn4CLCTTzybJidU5MUyNh6p7Rp8retDtA
귀티나는 사람들은 이건 꼭 있더라..! 명품없이 귀티나는 아이템✔︎,580000,3개월 전,AliceFunk 앨리스펑크,패션,https://i.ytimg.com/vi/g6zi3Xf-pOs/hq720.jpg?sqp=-oaymwEcCOgCEMoBSFXyq4qpAw4IARUAAIhCGAFwAcABBg==&rs=AOn4CLC8npfhdgDbAW4WC4VrMCgvkJXtCA
런던의 스트리트 패션. 가을을 위한 스타일리시한 옷.,590000,1개월 전,Natasha Faterina - street fashion in London.,패션,https://i.ytimg.com/vi/qJxNjHxss44/hq720.jpg?sqp=-oaymwEcCOgCEMoBSFXyq4qpAw4IARUAAIhCGAFwAcABBg==&rs=AOn4CLDZEpqLk-zbCC9zetvd6Ad9dRkiTQ
'육상 여신' 김민지 사복 패션은 처음이지? 트와이스 다현 실물 영접+육상 아이돌 수식어에 대한 생각까지! [인터뷰],560000,1개월 전,데일리런(DailyRun),패션,https://i.ytimg.com/vi/GFFHg3uHQVQ/hq720.jpg?sqp=-oaymwEcCOgCEMoBSFXyq4qpAw4IARUAAIhCGAFwAcABBg==&rs=AOn4CLAt4_uOlaspDOJcVkf_3yZCWvh3rw
요즘 애들은 이해 못하는 옛날 일진 패션들ㅋㅋㅋ,540000,11개월 전,주둥이방송,패션,https://i.ytimg.com/vi/Cvwev8Cgw_Y/hq720.jpg?sqp=-oaymwEcCOgCEMoBSFXyq4qpAw4IARUAAIhCGAFwAcABBg==&rs=AOn4CLBRtHqqe1z40AtLUdJo1vz65oDnMQ
2022 패션 트렌드/ 드디어 큰 흐름이 바뀐다! 새롭게 뜨는 패션은?,540000,10개월 전,옆집언니 최실장 stylist unnie,패션,https://i.ytimg.com/vi/OWXkoCwpQLI/hq720.jpg?sqp=-oaymwEcCOgCEMoBSFXyq4qpAw4IARUAAIhCGAFwAcABBg==&rs=AOn4CLAUJG4njePE9YQkDEuVuGoI06jOxA
What Are People Wearing In New York City? | New York Fashion Week | Vogue,530000,1개월 전,Vogue,패션,https://i.ytimg.com/vi/3ItMs3k_bwY/hq720.jpg?sqp=-oaymwEcCOgCEMoBSFXyq4qpAw4IARUAAIhCGAFwAcABBg==&rs=AOn4CLDHc25Qsu-u1qcZ19Dfmo1gTl5nKg
옷 입을때 컬러 조합..? 이 영상보면 어렵지 않습니다!,530000,7개월 전,스타일가이드 최겨울,패션,https://i.ytimg.com/vi/KpnEuEi8bdU/hq720.jpg?sqp=-oaymwEcCOgCEMoBSFXyq4qpAw4IARUAAIhCGAFwAcABBg==&rs=AOn4CLAyfslZNDNyZwyEF9x6fGLcm6qm8Q
(ENG)멤버의 사복까지 책임지는 짱테이씨!✊🏻 아이사와 세은 여우냥즈🦊🐱 패션센스 보고가잣! | 배달의 프로들2 ep.01,510000,1개월 전,"세상이 사랑하는 패션, 세사패TV",패션,https://i.ytimg.com/vi/N2YAEAAHv8M/hq720.jpg?sqp=-oaymwEcCOgCEMoBSFXyq4qpAw4IARUAAIhCGAFwAcABBg==&rs=AOn4CLCzp1fpNJIJC_mY0-pQyP25ZLSmUw
채영이의 Vlog | 아이사의 패션 취향을 알아보자❣,500000,9개월 전,STAYC,패션,https://i.ytimg.com/vi/7_P6gQJ0xaA/hq720.jpg?sqp=-oaymwEcCOgCEMoBSFXyq4qpAw4IARUAAIhCGAFwAcABBg==&rs=AOn4CLBj6aJAav4U2nIGdi7-UFRBVE8VlQ
전문가가보는 2022년 신발 트렌드는!?😲【패션토크】,500000,10개월 전,디렉터 짱구대디,패션,https://i.ytimg.com/vi/QRJpSTYAE-8/hq720.jpg?sqp=-oaymwEcCOgCEMoBSFXyq4qpAw4IARUAAIhCGAFwAcABBg==&rs=AOn4CLBRGZ0rC-sxPVzTXRx2Ri-kEHOGFg
일본여행 풀리면 일본거리에서 보게 될 패션,490000,4개월 전,토미의 도쿄일상툰 トミの東京日常まんが,패션,https://i.ytimg.com/vi/TCKjbsqANkc/hq720.jpg?sqp=-oaymwEcCOgCEMoBSFXyq4qpAw4IARUAAIhCGAFwAcABBg==&rs=AOn4CLBQ96oiuNsYkMjOf9YVv_XtAz8y1Q
"[나 혼자 산다] 사복 패션의 아이콘 산다라박🌟 맥시멀리스트의 옷장 공개💓, MBC 211126 방송",490000,11개월 전,MBCentertainment,패션,https://i.ytimg.com/vi/RCqHnUNcZwE/hq720.jpg?sqp=-oaymwEcCOgCEMoBSFXyq4qpAw4IARUAAIhCGAFwAcABBg==&rs=AOn4CLCfjd8_n3IXiUAwpFcQdaBg8eaigw
"👊침착맨과 주호민이 함께한 필터 없는 패션 참견 | 헤드폰룩, 데일리룩, 침펄 라이브",490000,3개월 전,오늘의 주우재,패션,https://i.ytimg.com/vi/SBXegmOv5jI/hq720.jpg?sqp=-oaymwEcCOgCEMoBSFXyq4qpAw4IARUAAIhCGAFwAcABBg==&rs=AOn4CLBAhabhBG76K3qR9gjrZSKxy8wWxg
"김여사, 재클린 코스프레! 한 패션스타일리스트 팩폭.. 네티즌들 본격 추적 착수하자 쏟아지는 표절 사진들 (김건희 또 영국 순방 동행 확정, 국민들 걱정 태산)",470000,1개월 전,정치일학,패션,https://i.ytimg.com/vi/O8WQc23EuN4/hq720.jpg?sqp=-oaymwEcCOgCEMoBSFXyq4qpAw4IARUAAIhCGAFwAcABBg==&rs=AOn4CLAaoPL8IBuUj6Jfi2r3-O-q8akg8A
Dolce & Gabbana | Fall Winter 2022/2023 | Full Show,470000,8개월 전,FF Channel,패션,https://i.ytimg.com/vi/Rd9o2-VNVjE/hq720.jpg?sqp=-oaymwEcCOgCEMoBSFXyq4qpAw4IARUAAIhCGAFwAcABBg==&rs=AOn4CLDSR4ougC2U9DB9p2CGWl0I5M-1Dg
(ENG)김나영이 요즘 꽂힌 패션아이템! 다 알려드립니다,480000,5개월 전,김나영의 nofilterTV,패션,https://i.ytimg.com/vi/s1674jHKEIo/hq720.jpg?sqp=-oaymwEcCOgCEMoBSFXyq4qpAw4IARUAAIhCGAFwAcABBg==&rs=AOn4CLDk8wULMvvpIRr-VvUGJAA34Zr3gQ
유튜브에서 가장 감성적인 봄패션 룩북,460000,8개월 전,Viewty 룩북 | Viewty Lookbook,패션,https://i.ytimg.com/vi/plDrnI3zxIQ/hq720.jpg?sqp=-oaymwEcCOgCEMoBSFXyq4qpAw4IARUAAIhCGAFwAcABBg==&rs=AOn4CLCAehH2MFxv8Oc-MhTgfCT26MXuog
결혼식 민폐 하객룩 피하는 한 끗 차이! 하객 패션 잘 입는 공식 8가지💍 【펄이지엥】,450000,7개월 전,펄이지엥 Pearlysien,패션,https://i.ytimg.com/vi/OKnWGwxpBSc/hq720.jpg?sqp=-oaymwEcCOgCEMoBSFXyq4qpAw4IARUAAIhCGAFwAcABBg==&rs=AOn4CLByYjx8HChAV_VKp8cSWp00mlzdKA
"💡요즘 내가 주구장창 입고 쓰는 패션 아이템 | 요즘 산것들, 남자 패션 하울, 아식스 운동화, 남자안경",450000,5개월 전,오늘의 주우재,패션,https://i.ytimg.com/vi/To1UX7fXdBg/hq720.jpg?sqp=-oaymwEcCOgCEMoBSFXyq4qpAw4IARUAAIhCGAFwAcABBg==&rs=AOn4CLC2w5C-6M9UrwdFG668u9zV2t42HA
일본에서 앞으로 보게 될 패션,440000,1개월 전,안협소,패션,https://i.ytimg.com/vi/zVNlsUguoYc/hqdefault.jpg?sqp=-oaymwEcCOADEI4CSFXyq4qpAw4IARUAAIhCGAFwAcABBg==&rs=AOn4CLAMkYxROO3Phn-exBpocv3KWtCo-Q
JAY's Fashion Guide - ENHYPEN (엔하이애),440000,5개월 전,ENHYPEN,패션,https://i.ytimg.com/vi/iSqZFozECfg/hq720.jpg?sqp=-oaymwEcCOgCEMoBSFXyq4qpAw4IARUAAIhCGAFwAcABBg==&rs=AOn4CLDopnI0qJXtMmyxWlmZG6diTpyUuw
"[나 혼자 산다] ""기자님들 보세요~😘"" 패션부터 피드까지 힙타 강사 코쿤에게 제대로 취해버린 현무🤪 | #전현무 #코쿤 MBC220617방송",440000,4개월 전,엠뚜루마뚜루 : MBC 공식 종합 채널,패션,https://i.ytimg.com/vi/EzH_x5r9XLA/hq720.jpg?sqp=-oaymwEcCOgCEMoBSFXyq4qpAw4IARUAAIhCGAFwAcABBg==&rs=AOn4CLDT-of-XsCkhfyUvwSQlqgBEAycDQ
20대들아 정신차리라;; 니들 패션이 제일 개성 없어. 놀고들있네 ㅉㅉ,430000,11개월 전,스타일가이드 최겨울,패션,https://i.ytimg.com/vi/0uNbR2i3fTU/hq720.jpg?sqp=-oaymwEcCOgCEMoBSFXyq4qpAw4IARUAAIhCGAFwAcABBg==&rs=AOn4CLBrEt9S5c_uNMhPPHo1Yoi5mjuutg
충격적인 블랙핑크 핑크베놈 MV 패션!가격 실화? [ENG SUB],420000,2개월 전,하빠,패션,https://i.ytimg.com/vi/AMhZSu5q4fU/hq720.jpg?sqp=-oaymwEcCOgCEMoBSFXyq4qpAw4IARUAAIhCGAFwAcABBg==&rs=AOn4CLCxtvpNeaJtGuiPO54RsOp-H0bmxA
여자를 홀리는 남자의 패션,430000,7개월 전,Ripple_S,패션,https://i.ytimg.com/vi/gzONStUKnRc/hq720.jpg?sqp=-oaymwEcCOgCEMoBSFXyq4qpAw4IARUAAIhCGAFwAcABBg==&rs=AOn4CLDuairmNSLM4QRSTMVZokuQ-4RzjA
"자라 신상 패션대결💚🤎5월에 뭐입지? 출근룩, 데이트룩, 페스티벌룩",410000,5개월 전,태리태리 taeritaeri,패션,https://i.ytimg.com/vi/aUR_pnrnMo4/hq720.jpg?sqp=-oaymwEcCOgCEMoBSFXyq4qpAw4IARUAAIhCGAFwAcABBg==&rs=AOn4CLDANMig_wrCIiSUKZGiXoBdUunfrg
나이대별 쉽게 옷 잘 입는 법✔️(10대~50대까지!),410000,3개월 전,AliceFunk 앨리스펑크,패션,https://i.ytimg.com/vi/FWSglI5WQl0/hq720.jpg?sqp=-oaymwEcCOgCEMoBSFXyq4qpAw4IARUAAIhCGAFwAcABBg==&rs=AOn4CLAX-sq7NHTI_RNc_49e_8CVKJmHCQ
2022년에 실제로 입어야 할 베스트 패션 트렌드 12가지!,390000,7개월 전,Shea Whitney,패션,https://i.ytimg.com/vi/s1dRMZ61J8M/hq720.jpg?sqp=-oaymwEcCOgCEMoBSFXyq4qpAw4IARUAAIhCGAFwAcABBg==&rs=AOn4CLBGHO2xzxpNCcqoZKjaKb7KLq0J1A
"2022 FW 새롭게 뜨는 패션 트렌드 (가을,겨울 쇼핑은 이거 보고 해~😘)",400000,2개월 전,옆집언니 최실장 stylist unnie,패션,https://i.ytimg.com/vi/VZ8Omhh61-c/hq720.jpg?sqp=-oaymwEcCOgCEMoBSFXyq4qpAw4IARUAAIhCGAFwAcABBg==&rs=AOn4CLAN2qVwbSw20hDmG09SSENE1TUF4A
의외로 많은 여자들이 극혐 하는 패션ㅋㅋㅋ,390000,1개월 전,주둥이방송,패션,https://i.ytimg.com/vi/xgL28BIZFG4/hq720.jpg?sqp=-oaymwEcCOgCEMoBSFXyq4qpAw4IARUAAIhCGAFwAcABBg==&rs=AOn4CLBZ0Q362qU-fMCExLqpz8S6xEnZRw
Valentino | Spring Summer 2023 | Full Show,390000,1개월 전,FF Channel,패션,https://i.ytimg.com/vi/B4jrkcZP0vQ/hq720.jpg?sqp=-oaymwEcCOgCEMoBSFXyq4qpAw4IARUAAIhCGAFwAcABBg==&rs=AOn4CLAbkEXLGkRNypBQUecT3S_O3iKSmA
패션 센스가 빼어날 수(秀)TAYC 아이사 VS 세은 스타일링 대결 | 배달의 프로들 2 EP.1,390000,1개월 전,1theK Originals - 원더케이 오리지널,패션,https://i.ytimg.com/vi/KXm2E2b-St8/hq720.jpg?sqp=-oaymwEcCOgCEMoBSFXyq4qpAw4IARUAAIhCGAFwAcABBg==&rs=AOn4CLAoiJqwK4NJlYLR9f_ySAtCESMeiQ
'꾸안꾸' 김건희 여사의 패션 컨셉•퍼스널 컬러는?,390000,5개월 전,뉴스1TV,패션,https://i.ytimg.com/vi/Qq_No2KAXmw/hq720.jpg?sqp=-oaymwEcCOgCEMoBSFXyq4qpAw4IARUAAIhCGAFwAcABBg==&rs=AOn4CLAH5X-qaEDfeMAHbfxvXJOoihgWrQ
[#습보따리] 레전드 슈퍼모델 이소라가 뽑은 돌싱포맨 최고의 패션왕은 누구???🎩🕊ㅣSBS ENTER.,380000,10개월 전,SBS Entertainment,패션,https://i.ytimg.com/vi/VT9FyDY--Jc/hq720.jpg?sqp=-oaymwEcCOgCEMoBSFXyq4qpAw4IARUAAIhCGAFwAcABBg==&rs=AOn4CLBogNwYdo1UdyQvl7kBQZS8h9ya6Q
Spring-Summer 2023 Ready-to-Wear — CHANEL Shows,380000,스트리밍 시간: 1개월 전,CHANEL,패션,https://i.ytimg.com/vi/li6JvF_xvTA/hq720.jpg?sqp=-oaymwEcCOgCEMoBSFXyq4qpAw4IARUAAIhCGAFwAcABBg==&rs=AOn4CLB1L7zYQIIJ0MXZJP2fD6ue0PDpSA
이런 원피스가 유행이라고?/중년패션코디/ 옷 잘입는법 여자/봄 원피스 룩북 스타일링 방법 9가지/Spring summer 2022/dress outfits/outfit ideas,370000,7개월 전,패션 팬아시아 Fashion Pan Asia,패션,https://i.ytimg.com/vi/J0Yv0Oq30OM/hq720.jpg?sqp=-oaymwEcCOgCEMoBSFXyq4qpAw4IARUAAIhCGAFwAcABBg==&rs=AOn4CLDhPrbqRB-bUcrEcamy3MzzipzK3A
"쓰레기로 만들었는데 불티나게 팔리는 패션 아이템, 프라이탁 이야기 / 소비더머니",370000,1개월 전,소비더머니,패션,https://i.ytimg.com/vi/9VJQlUGcn7g/hq720.jpg?sqp=-oaymwEcCOgCEMoBSFXyq4qpAw4IARUAAIhCGAFwAcABBg==&rs=AOn4CLASoYMlCqT3a0x4Di4rzSRf9ITrZg
"(Haul) 특별한 6가지 겨울 패션 룩북 Winter Lookbook🎅🏻가성비 좋은 패딩, 무스탕, 겨울 코트 추천, 기모 조거, 모이블레슬랙스, 루에브르, 겨울 데일리룩",350000,10개월 전,la sagesse지혜,패션,https://i.ytimg.com/vi/tCzqAq7YK9c/hq720.jpg?sqp=-oaymwEcCOgCEMoBSFXyq4qpAw4IARUAAIhCGAFwAcABBg==&rs=AOn4CLCWLIbYrGxlqsdEGAuRFpzCzorSKw
🔎 그 가방 어디 거예요? ㅈㅂㅈㅇ | 패션회사 직원들은 어떤 가방을 멜까? 🤔 | daily bag 추천!,350000,4개월 전,LF랑 놀자,패션,https://i.ytimg.com/vi/2v4AKcp41oY/hq720.jpg?sqp=-oaymwEcCOgCEMoBSFXyq4qpAw4IARUAAIhCGAFwAcABBg==&rs=AOn4CLCOTGpxRZWLy5F0LmhSVLzhmt3dAg
키작녀가 피해야할 옷2/중년키작녀패션코디 /중년패션코디/키커보이는 코디 여자 핵심 4가지 /옷잘입는법여자,350000,2개월 전,패션 팬아시아 Fashion Pan Asia,패션,https://i.ytimg.com/vi/3H7ppKRPsXk/hq720.jpg?sqp=-oaymwEcCOgCEMoBSFXyq4qpAw4IARUAAIhCGAFwAcABBg==&rs=AOn4CLD_LAVGIqLKzo-a1xGRL6wNMobFPw
[출근룩#8] 출 투더 근 투더 룩 🐳🐬🐋 패션회사 여름 데일리룩 릴레이💙,340000,3개월 전,알꽁티브이 [ArrkkongTV],패션,https://i.ytimg.com/vi/Kw97cTbOk-0/hq720.jpg?sqp=-oaymwEcCOgCEMoBSFXyq4qpAw4IARUAAIhCGAFwAcABBg==&rs=AOn4CLABm0D15Tf8KXof9ryBZkPNWT7PRA
"[나 혼자 산다] 디자인은 중요하지 않다 현무의 패션 철학은 ❓❗, MBC 220610 방송",340000,4개월 전,MBCentertainment,패션,https://i.ytimg.com/vi/QfJZJ-Zu_RI/hq720.jpg?sqp=-oaymwEcCOgCEMoBSFXyq4qpAw4IARUAAIhCGAFwAcABBg==&rs=AOn4CLD5KMFASaTNbACLD8zw4Kf9QHl6og
"왜 전세계 셀럽들은 이 캐리어를 끌고 다닐까? 공항패션에도 명품이 있다, 리모와 이야기 / 소비더머니",350000,3개월 전,소비더머니,패션,https://i.ytimg.com/vi/6QMaLM-wojA/hq720.jpg?sqp=-oaymwEcCOgCEMoBSFXyq4qpAw4IARUAAIhCGAFwAcABBg==&rs=AOn4CLALlBUr_TgrbjX50cZGViD6QBXlow
패션고자 탈출하는 법ㅋㅋㅋ,340000,6개월 전,주둥이방송,패션,https://i.ytimg.com/vi/OkaI3zLqEO8/hq720.jpg?sqp=-oaymwEcCOgCEMoBSFXyq4qpAw4IARUAAIhCGAFwAcABBg==&rs=AOn4CLDodCiAtpG0AzA2Cr0Nf5gzaiy2sA
옷 잘 입는 사람들의 가디건 코디 비밀✔︎ 1+1보다 쉬운 실패 없는 패션 공식✅,340000,1개월 전,AliceFunk 앨리스펑크,패션,https://i.ytimg.com/vi/PCxP4woVfcE/hq720.jpg?sqp=-oaymwEcCOgCEMoBSFXyq4qpAw4IARUAAIhCGAFwAcABBg==&rs=AOn4CLAW3oA1MhBUk2Da04wRI4Xdi1boTQ
패션은 거들뿐! 멋보다 웃음을 택한 비투비가 코디한 가을룩은?? | 배달의 프로들2 EP.2,340000,4주 전,1theK Originals - 원더케이 오리지널,패션,https://i.ytimg.com/vi/BoSbEGUYS1Y/hq720.jpg?sqp=-oaymwEcCOgCEMoBSFXyq4qpAw4IARUAAIhCGAFwAcABBg==&rs=AOn4CLDkwfTfMbSWedCYZeJQ2iKESFHz4Q
"[나 혼자 산다] 현무에게 알려주는 코드 쿤스트의 패션 철학! 🤩 브랜드 사대주의 VS 브랜드 초월주의, MBC 220610 방송",330000,4개월 전,MBCentertainment,패션,https://i.ytimg.com/vi/KiObmKym-8A/hq720.jpg?sqp=-oaymwEcCOgCEMoBSFXyq4qpAw4IARUAAIhCGAFwAcABBg==&rs=AOn4CLB5MMLBoij94mUqbu-fQ4vSa9bgBQ
가을겨울 신상 패션대결🍂꾸꾸꾸부터 꾸안꾸 데일리룩까지 LOOK6,330000,2주 전,태리태리 taeritaeri,패션,https://i.ytimg.com/vi/uVfITqXlEeY/hq720.jpg?sqp=-oaymwEcCOgCEMoBSFXyq4qpAw4IARUAAIhCGAFwAcABBg==&rs=AOn4CLBoRNo_sFjVyWmBTfu6u6Ir0GUlhQ
핵인싸 초딩은 학교갈때 어떻게 입을까!? 구독자 등교패션 대회,330000,8개월 전,백앤아-남매튜브,패션,https://i.ytimg.com/vi/YNZrwl04824/hq720.jpg?sqp=-oaymwEcCOgCEMoBSFXyq4qpAw4IARUAAIhCGAFwAcABBg==&rs=AOn4CLAj2cEp5WMRvciWW5xEu0SpUrxXnw
"김건희 여사, 스페인 한국문화원서 K패션 격려.. 첫 공개 일정 [엠픽]",330000,4개월 전,MBN News,패션,https://i.ytimg.com/vi/iL0ovLHld8U/hqdefault.jpg?sqp=-oaymwEcCOADEI4CSFXyq4qpAw4IARUAAIhCGAFwAcABBg==&rs=AOn4CLBRZSh69INenqB6NHpg4mNUHQDcyQ
일진 패션 입었으면 진짜 일진일까? | 응사이트 ep.1,320000,11개월 전,흥마늘 스튜디오,패션,https://i.ytimg.com/vi/xBpk4IoSVyU/hq720.jpg?sqp=-oaymwEcCOgCEMoBSFXyq4qpAw4IARUAAIhCGAFwAcABBg==&rs=AOn4CLCFRoYocBu8SdnrDYRmPBzky3DvsQ
코디 미쳤ㄷ.. 옷잘알들의 요즘 가을 코디,320000,3주 전,깡스타일리스트,패션,https://i.ytimg.com/vi/Zgl3EeNdGSs/hq720.jpg?sqp=-oaymwEcCOgCEMoBSFXyq4qpAw4IARUAAIhCGAFwAcABBg==&rs=AOn4CLBn8KiDlp2_hV9QjjDa_wSO2QGPLA
"2022 하반기 패션의 큰흐름_""지는 꾸안꾸, 뜨는 꾸꾸꾸?"" 분위기가 바뀌네요‼️일상의 회복🧡",320000,2개월 전,Bora Claire,패션,https://i.ytimg.com/vi/ehrHWLl61xU/hq720.jpg?sqp=-oaymwEcCOgCEMoBSFXyq4qpAw4IARUAAIhCGAFwAcABBg==&rs=AOn4CLBAgYUMUveXNsg7VT4zeP2O7brKgg
[05학번이즈백] 서울패션위크에 혁이형이 등장했습니다… (촬영: 김수민),320000,3주 전,피식대학Psick Univ,패션,https://i.ytimg.com/vi/oA6knAuE-ZU/hq720.jpg?sqp=-oaymwEcCOgCEMoBSFXyq4qpAw4IARUAAIhCGAFwAcABBg==&rs=AOn4CLD1d7LT5VOMw65PvYFKm8rTowP9uA
[ENG] vlog 이청아가 애정하는 패션템 공개 (what's in my 캐리어) 👀,310000,1개월 전,ㅇㅊㅇ ㅇㅌㅂ,패션,https://i.ytimg.com/vi/CLGP89TRQSE/hq720.jpg?sqp=-oaymwEcCOgCEMoBSFXyq4qpAw4IARUAAIhCGAFwAcABBg==&rs=AOn4CLDxK86G4jq70q_N1WdvV0ngpOtVng
요즘 일진들 패션 특징ㅋㅋㅋ,300000,2개월 전,주둥이방송,패션,https://i.ytimg.com/vi/H4gy_yhH2zg/hq720.jpg?sqp=-oaymwEcCOgCEMoBSFXyq4qpAw4IARUAAIhCGAFwAcABBg==&rs=AOn4CLDa9Y0S66y2Gk32FT6gYSqcHwPKjw
Vintage in Pills EMANUEL UNGARO Couture Spring 2001 - Fashion Channel,300000,4개월 전,Fashion Channel,패션,https://i.ytimg.com/vi/q6vSo-Rt6UA/hqdefault.jpg?sqp=-oaymwEcCOADEI4CSFXyq4qpAw4IARUAAIhCGAFwAcABBg==&rs=AOn4CLDCX54OTOfPy26oVH8f7MHaBf_7AA
SUB) 한국남자 패션 국룰!! 외국인 여친 생기는 찐 K-남자 스타일! [룩개팅],320000,11일 전,스튜디오 잼스터,패션,https://i.ytimg.com/vi/Yw0uEdHwBBQ/hq720.jpg?sqp=-oaymwEcCOgCEMoBSFXyq4qpAw4IARUAAIhCGAFwAcABBg==&rs=AOn4CLD1mEbuC4UAiHYFuXon0I3lujLMYg
10 Wearable Fashion Trends That Will Be HUGE in 2023!,290000,3개월 전,The Style Insider,패션,https://i.ytimg.com/vi/2_o7E7_zPfI/hq720.jpg?sqp=-oaymwEcCOgCEMoBSFXyq4qpAw4IARUAAIhCGAFwAcABBg==&rs=AOn4CLCcA02VJWBIvappaEiIN6n3xkItfw
남자 중학생 패션 모음 😱 가오와 허세가......아주....,290000,2개월 전,쩡대의 패션하우스,패션,https://i.ytimg.com/vi/RLj-rmVSNpU/hq720.jpg?sqp=-oaymwEcCOgCEMoBSFXyq4qpAw4IARUAAIhCGAFwAcABBg==&rs=AOn4CLBAWd9WnN-4j1yKVKMI4rB6HpcfEw
패션우울증을 아시나요?,290000,8개월 전,닥터프렌즈,패션,https://i.ytimg.com/vi/u9V2SiZgAgE/hq720.jpg?sqp=-oaymwEcCOgCEMoBSFXyq4qpAw4IARUAAIhCGAFwAcABBg==&rs=AOn4CLBn_1eb24IuxA7GNSnXJOKasxuEjg
"👊패션 참견 2022 최신판 | 데일리룩, 남자 봄코디, 여자 봄코디, 여자패션",280000,8개월 전,오늘의 주우재,패션,https://i.ytimg.com/vi/HFnGYgMwygM/hq720.jpg?sqp=-oaymwEcCOgCEMoBSFXyq4qpAw4IARUAAIhCGAFwAcABBg==&rs=AOn4CLBTFaMN0UO80gS_EBlgYO6xIYpm_w
[정치톡톡] 김건희 패션 외교 / 대통령 지지율 하락 / 민주 당권경쟁 다각화 [MBN 뉴스7],280000,4개월 전,MBN News,패션,https://i.ytimg.com/vi/enCJC4PI_wc/hq720.jpg?sqp=-oaymwEcCOgCEMoBSFXyq4qpAw4IARUAAIhCGAFwAcABBg==&rs=AOn4CLA3vuztJOkx2CvNHqJjnU_l2N-c0Q
부티나지 않는 패션은?/중년패션코디/ 싼티나는 여자/ 옷 코디 잘하는법의 패션실수,280000,10개월 전,패션 팬아시아 Fashion Pan Asia,패션,https://i.ytimg.com/vi/lFzX7WGn5WY/hq720.jpg?sqp=-oaymwEcCOgCEMoBSFXyq4qpAw4IARUAAIhCGAFwAcABBg==&rs=AOn4CLCFfi2qMpDUYQBRkGeGwSXouWTyDQ
'떴다' 하면 '완판'! 셀럽 부럽지 않은 김건희 여사의 패션 스타일은? 👩‍💼👗,280000,5개월 전,메종레아 MaisonRhea,패션,https://i.ytimg.com/vi/UvnfSLaT4_s/hq720.jpg?sqp=-oaymwEcCOgCEMoBSFXyq4qpAw4IARUAAIhCGAFwAcABBg==&rs=AOn4CLB2P6b8I4qDi_B-JFqZ0_2eyRVVVQ
겨울옷 사기전에 보자! 겨울 가장 먼저 사야하는 옷들 [패션우선순위],270000,2주 전,깡스타일리스트,패션,https://i.ytimg.com/vi/F9P37-iWphA/hq720.jpg?sqp=-oaymwEcCOgCEMoBSFXyq4qpAw4IARUAAIhCGAFwAcABBg==&rs=AOn4CLC6941yJB_wP1Y7bWZ5YvwW2wPUlA
2022년 큰거온다.. 올해 유행할 패션트렌드,260000,10개월 전,깡스타일리스트,패션,https://i.ytimg.com/vi/0GniwxDmjYw/hq720.jpg?sqp=-oaymwEcCOgCEMoBSFXyq4qpAw4IARUAAIhCGAFwAcABBg==&rs=AOn4CLBxUOJSXKYS79qwWSolgNtlvOowow
남자들이 좋아하는 여자 여름 패션 [2탄] 이런 걸 좋아한다고??,260000,5개월 전,마선생,패션,https://i.ytimg.com/vi/a8Pm-z-VHpU/hq720.jpg?sqp=-oaymwEcCOgCEMoBSFXyq4qpAw4IARUAAIhCGAFwAcABBg==&rs=AOn4CLDjcV22a_hNLbb4sUn132gnpefEqw
"(합성X) 손흥민 선수라니..😵 같이 얘기해 본 이 남자의 자기관리 방법들 (패션, 헤어, 식단)",260000,13일 전,스완SWAN_비욘드그루밍,패션,https://i.ytimg.com/vi/YEVT1WflEro/hq720.jpg?sqp=-oaymwEcCOgCEMoBSFXyq4qpAw4IARUAAIhCGAFwAcABBg==&rs=AOn4CLCXI8ztB4lQi_3yt5p0oJSmLd58Ng
가디건이 유행이라고? /중년패션코디/ 옷 잘입는법 여자 /패션/ 스타일링 여자,260000,7개월 전,패션 팬아시아 Fashion Pan Asia,패션,https://i.ytimg.com/vi/qh1we3DGNCI/hq720.jpg?sqp=-oaymwEcCOgCEMoBSFXyq4qpAw4IARUAAIhCGAFwAcABBg==&rs=AOn4CLCwAwhi2n4sTtASjXuoUACO0BXFeQ
"(Haul) 봄 패션 완전 정복! 6가지 봄 룩북🌷쇼핑몰 하울, 다잉데님, 레더자켓, 스트라이프 셔츠, 반팔 니트, 다잉데님, 베지터블, 언더비, spring lookbook",260000,8개월 전,la sagesse지혜,패션,https://i.ytimg.com/vi/lzjerZY4cik/hq720.jpg?sqp=-oaymwEcCOgCEMoBSFXyq4qpAw4IARUAAIhCGAFwAcABBg==&rs=AOn4CLAoC31RaXeaQ5VZIqDX39L-PLI51w
10~40대까지 가을 옷 잘입는 남자들,260000,1개월 전,깡스타일리스트,패션,https://i.ytimg.com/vi/VFzrEP2Qfrc/hq720.jpg?sqp=-oaymwEcCOgCEMoBSFXyq4qpAw4IARUAAIhCGAFwAcABBg==&rs=AOn4CLC-QJmgA9pbbHkTkYOjcnA-a3ZBQA
"[농카발굴단] 친환경 패션 브랜드 엘에이알에 강남&이창호 출동! 지속 가능한 환경, 패션을 위해 언제나 주변을 돌아보는 착한 가게를 소개합니다! (feat. 댓글 이벤트)",250000,2개월 전,NH농협카드,패션,https://i.ytimg.com/vi/iyHyLJYmjRs/hq720.jpg?sqp=-oaymwEcCOgCEMoBSFXyq4qpAw4IARUAAIhCGAFwAcABBg==&rs=AOn4CLChyEYk0f8t8ifMQkAQzBow-u7CRQ
"👗🐹패완혬의 드라마틱한 패스트패션 브랜드 옷 입어보기(ft.이민규 스타일리스트) l ZARA, H&M, & Other Stories",250000,11개월 전,강혜원,패션,https://i.ytimg.com/vi/D4M3xH5V3xI/hq720.jpg?sqp=-oaymwEcCOgCEMoBSFXyq4qpAw4IARUAAIhCGAFwAcABBg==&rs=AOn4CLCAXl3Hmo7jcdjkpRJRaDRdWmwDhw
남자들이 좋아하는 여자 여름 패션ㅣ호불호 없이 먹히는 여자 여름코디,240000,5개월 전,마선생,패션,https://i.ytimg.com/vi/0buQVbmUIDE/hq720.jpg?sqp=-oaymwEcCOgCEMoBSFXyq4qpAw4IARUAAIhCGAFwAcABBg==&rs=AOn4CLBBgtIc0dMzSGb3s-XXldxcFczfIg
연예인들의 연예인..외국 스타일리스트가 GD 패션을 보고 충격받은 이유,240000,8개월 전,헤이데이 Heyday,패션,https://i.ytimg.com/vi/VKBdRr0GffY/hq720.jpg?sqp=-oaymwEcCOgCEMoBSFXyq4qpAw4IARUAAIhCGAFwAcABBg==&rs=AOn4CLCyKawjxFKnsD9jy1TSo48yKKmqYQ
"#253 옷 잘 입는 중년들의 가을 컬러 코디, 컬러만으로 귀티나고 고급스럽게!",240000,1개월 전,성주언니패션뷰,패션,https://i.ytimg.com/vi/ygjW7hLssk8/hq720.jpg?sqp=-oaymwEcCOgCEMoBSFXyq4qpAw4IARUAAIhCGAFwAcABBg==&rs=AOn4CLAfg66HAcZSfJoISSsdRDbJEfruUw
이것만 신경쓰면 옷 잘입을 수 있습니다! 패션 피드백,230000,8개월 전,스타일가이드 최겨울,패션,https://i.ytimg.com/vi/1Jk38VgvN_Q/hq720.jpg?sqp=-oaymwEcCOgCEMoBSFXyq4qpAw4IARUAAIhCGAFwAcABBg==&rs=AOn4CLCjp87zqnS3iLeL4-tAjRu8hrDEpA
패션의 교과서템✔️유행이 뭔데?..한 번 사면 유행 없이 평생 쓰는 클래식템 TOP 6,230000,9개월 전,AliceFunk 앨리스펑크,패션,https://i.ytimg.com/vi/RO_ljPjW3SI/hq720.jpg?sqp=-oaymwEcCOgCEMoBSFXyq4qpAw4IARUAAIhCGAFwAcABBg==&rs=AOn4CLCnlzhPKCCQOS3k2nkHROL3L12RKw
다이애나비는 패션으로 그녀 속마음을 얘기했다? #다이애나비패션모음,230000,2개월 전,글로벌다이렉트늬우스,패션,https://i.ytimg.com/vi/o1oE3os4ThU/hq720.jpg?sqp=-oaymwEcCOgCEMoBSFXyq4qpAw4IARUAAIhCGAFwAcABBg==&rs=AOn4CLB6pXVVnUAsOLeN4S9vcqIr1gLzJw
"순서만 바꿔도 세상을 바꿀 수 있습니다 | 최현석 패션 메타버스 스탠다드 몰 '패스커', 에프엔에스 홀딩스 CEO | 고정관념 스타트업 도전 | 세바시 1465회",230000,10개월 전,세바시 강연 Sebasi Talk,패션,https://i.ytimg.com/vi/gEMtU4fHo8E/hq720.jpg?sqp=-oaymwEcCOgCEMoBSFXyq4qpAw4IARUAAIhCGAFwAcABBg==&rs=AOn4CLDGrM_1pG5C38riomv1B2jIR2ZzCw
여자들은 정말 모르는; 남자들이 환장하는 여자 화장+패션 특징 (제발 반대로 하지 마세요😭ㅋㅋ),230000,11개월 전,백설마녀,패션,https://i.ytimg.com/vi/lltkrvOH4Yc/hq720.jpg?sqp=-oaymwEcCOgCEMoBSFXyq4qpAw4IARUAAIhCGAFwAcABBg==&rs=AOn4CLDbksHuv9JZzNkFLRBKtkyIyZ-hiA
겨울에 꼭! 무조건 이렇게 입으세요✔︎ 평범한 옷도 달라지는 요즘 데일리룩 코디👚,220000,2주 전,AliceFunk 앨리스펑크,패션,https://i.ytimg.com/vi/4hjQhZfBv-U/hq720.jpg?sqp=-oaymwEcCOgCEMoBSFXyq4qpAw4IARUAAIhCGAFwAcABBg==&rs=AOn4CLDnNc3IcoKeb-p0f9tgMBw7vgqHmA
"장난감들 개봉, 스파이더맨, 쥬라기팟, 미니패션, 크라이 베이비, 시크릿 쥬쥬, 호돌이펌프, 킨더조이, various toys",230000,4개월 전,마시따 MASITTA,패션,https://i.ytimg.com/vi/NzFArrQGebU/hq720.jpg?sqp=-oaymwEcCOgCEMoBSFXyq4qpAw4IARUAAIhCGAFwAcABBg==&rs=AOn4CLA7hkVb76YsK7kCX3G_krA6HgDXrg
운동복 아무거나 사지말자! 몸이 좋아보이는 헬스장 패션 추천,220000,5개월 전,준규빌더,패션,https://i.ytimg.com/vi/sY243ClZwLA/hq720.jpg?sqp=-oaymwEcCOgCEMoBSFXyq4qpAw4IARUAAIhCGAFwAcABBg==&rs=AOn4CLCwzLpAXnHTUG5I9wQDaEtkXtAKXw
⭐2022년 패션 트렌드 10분안에 떠 먹여드림!,220000,10개월 전,Bora Claire,패션,https://i.ytimg.com/vi/qCTnqDV9koE/hq720.jpg?sqp=-oaymwEcCOgCEMoBSFXyq4qpAw4IARUAAIhCGAFwAcABBg==&rs=AOn4CLDwl7kNu_784AhS1z0iWXpNvRIXtw
하...초등학생 선생님과 부모님들 존경합니다 😵 엄마...사랑해..,220000,2개월 전,쩡대의 패션하우스,패션,https://i.ytimg.com/vi/ayw3HYso7AU/hq720.jpg?sqp=-oaymwEcCOgCEMoBSFXyq4qpAw4IARUAAIhCGAFwAcABBg==&rs=AOn4CLBw1pS8avH0RrnLgbf8xBNnPB-rPQ
팬심 가득한 뉴진스 패션 분석💗힙하게 손민수하는 꿀팁까지✔️,210000,2개월 전,AliceFunk 앨리스펑크,패션,https://i.ytimg.com/vi/UGF2ornXN9s/hq720.jpg?sqp=-oaymwEcCOgCEMoBSFXyq4qpAw4IARUAAIhCGAFwAcABBg==&rs=AOn4CLCR4HAGkkuit-utBRCDOAQSDFHCkw
(Haul) 👢이제 예쁜 옷 입기 좋은 ✷ 가을 패션템 14가지🍂 (+역대급 예쁨✌🏻)ㅣ여기가 바로 아우터•핏 맛집🏠 (자켓.니트.하의)ㅣ엔오르ㅣ할인이벤트❤️‍🔥,210000,2개월 전,빛날 영* bitnal young,패션,https://i.ytimg.com/vi/LDbhX6sawew/hq720.jpg?sqp=-oaymwEcCOgCEMoBSFXyq4qpAw4IARUAAIhCGAFwAcABBg==&rs=AOn4CLDAWc8fdawpvMxGZXKAH2H9qoL8BQ
"#255 옷 잘 입는 중년들은 가을에도 화이트를 입는다, 중년의 가을 화이트 코디법",220000,2주 전,성주언니패션뷰,패션,https://i.ytimg.com/vi/k95YvxWJO7g/hq720.jpg?sqp=-oaymwEcCOgCEMoBSFXyq4qpAw4IARUAAIhCGAFwAcABBg==&rs=AOn4CLBAJrmVPqAaX1aJ4gfHR3hZJ4KKkw
🇰🇷펄🇰🇷뉴욕 하이패션 네일 1인자!👍 는 한국인이라굽쇼?🇰🇷럭🇰🇷,210000,2주 전,회사원A,패션,https://i.ytimg.com/vi/ykTSnwobBOo/hq720.jpg?sqp=-oaymwEcCOgCEMoBSFXyq4qpAw4IARUAAIhCGAFwAcABBg==&rs=AOn4CLBP8z1tiZ4p-YT4CyJvpZVqZsUSAA
2022년 최고의 *WEARABLE* 겨울 패션 트렌드 10가지!,210000,9개월 전,Shea Whitney,패션,https://i.ytimg.com/vi/b9VA0kkaQRM/hq720.jpg?sqp=-oaymwEcCOgCEMoBSFXyq4qpAw4IARUAAIhCGAFwAcABBg==&rs=AOn4CLCnNP4PqRB2OT8wHJAVrKbPB3_o8Q
여자들이 100% 좋아하는 남자 코디 😍 남자 멸치 체형 이렇게만 입으세요!! [쩡대 패션평가],210000,5개월 전,쩡대의 패션하우스,패션,https://i.ytimg.com/vi/Aixplr6GBCA/hq720.jpg?sqp=-oaymwEcCOgCEMoBSFXyq4qpAw4IARUAAIhCGAFwAcABBg==&rs=AOn4CLATcJ1FVrZsYO-LBP1iRn4l0jeTag
올 FW 유행하는 스커트와 팬츠는?/ 중년패션코디/ 옷 잘입는법여자/스타일링 여자,200000,2개월 전,패션 팬아시아 Fashion Pan Asia,패션,https://i.ytimg.com/vi/Mc3Vt5TPVNs/hq720.jpg?sqp=-oaymwEcCOgCEMoBSFXyq4qpAw4IARUAAIhCGAFwAcABBg==&rs=AOn4CLCabAj-4EU2Zfj-bR16Rf779NpxOw
논나 할머니 장명숙의 패션 상담소가 열렸습니다! 🌟 진짜 명품은 뭐가 달라?👀 (feat.이탈리아) [제작비 지원] | ELLEKOREA,200000,11개월 전,엘르 코리아_ELLE KOREA,패션,https://i.ytimg.com/vi/Hg_Zu2eSuOo/hq720.jpg?sqp=-oaymwEcCOgCEMoBSFXyq4qpAw4IARUAAIhCGAFwAcABBg==&rs=AOn4CLD7fx98yTFCDw4eXSn9wlninr9uWQ
배가 나온 중년 코디2/중년패션코디/ 옷 잘입는법 여자/봄 여름 원피스 룩북 스타일링 /Spring summer 2022/dress outfits/outfit ideas,200000,4개월 전,패션 팬아시아 Fashion Pan Asia,패션,https://i.ytimg.com/vi/bIxeuB7-gAw/hq720.jpg?sqp=-oaymwEcCOgCEMoBSFXyq4qpAw4IARUAAIhCGAFwAcABBg==&rs=AOn4CLAi089KKomcABE0TF41vos3FULFrg
셔츠를 잘 입는 여자는?/중년패션코디/ 옷 잘입는법여자/봄 스타일링 여자 그리고 여름코디 여자와 여름셔츠 코디,190000,5개월 전,패션 팬아시아 Fashion Pan Asia,패션,https://i.ytimg.com/vi/eI2-6GQgBrI/hq720.jpg?sqp=-oaymwEcCOgCEMoBSFXyq4qpAw4IARUAAIhCGAFwAcABBg==&rs=AOn4CLCgyTMrezZgtuh6wtuyOcJ4zbCUnA
"👊간만에 패션참견 해봄 | 남친룩, 옷태기 극복방법, 빈티지룩, 빈티지 자켓, 시티보이룩",190000,5개월 전,오늘의 주우재,패션,https://i.ytimg.com/vi/FePlSQvKaFY/hq720.jpg?sqp=-oaymwEcCOgCEMoBSFXyq4qpAw4IARUAAIhCGAFwAcABBg==&rs=AOn4CLCjCivePm09Rt1hCvPeNFCv_F59NA
"여자 중학생 친구들, 꼭 클릭해서 봐봐!! 😲삼촌이 할말있어 .. [쩡대 패션평가]",190000,6개월 전,쩡대의 패션하우스,패션,https://i.ytimg.com/vi/oTMwRT594CI/hq720.jpg?sqp=-oaymwEcCOgCEMoBSFXyq4qpAw4IARUAAIhCGAFwAcABBg==&rs=AOn4CLCiHFEi-9VpMHI0Qgh2gjWNaqDVgA
초등학생 5학년?🙄잼민아 허언증이 왜 이렇게 심해?!!,190000,6개월 전,쩡대의 패션하우스,패션,https://i.ytimg.com/vi/LEDRgB1aCGA/hq720.jpg?sqp=-oaymwEcCOgCEMoBSFXyq4qpAw4IARUAAIhCGAFwAcABBg==&rs=AOn4CLCqsdowiioB_1VF0l68oy-tRgvT-A
가을 날씨🍂온도별 옷차림 꿀팁🍯패션 룩북※외출전 필수시청! 일교차 큰 날씨 코디법🍁결혼식 하객룩 출근룩 데이트룩 캐주얼 오피스룩 falloutfit Lookbook 소신사장,190000,1개월 전,소신사장 SoshinTV,패션,https://i.ytimg.com/vi/MhigdI3u6GE/hq720.jpg?sqp=-oaymwEcCOgCEMoBSFXyq4qpAw4IARUAAIhCGAFwAcABBg==&rs=AOn4CLCxINnNORDqc4GGp4fZqRJNWTpLMw
"패션과가 어떤 곳이냐면요..ㅋ🙂 의류학과 시험기간 브이로그🪡 패션위크•탬버린즈퍼퓸•국립현대미술관•동대문종합시장 | 한복 저고리, 지퍼 바지 만드는 방법 ❛ ֊ ❛",190000,2주 전,유정 YUJEONG,패션,https://i.ytimg.com/vi/eDZ1EFnfLF4/hq720.jpg?sqp=-oaymwEcCOgCEMoBSFXyq4qpAw4IARUAAIhCGAFwAcABBg==&rs=AOn4CLBQDxTNGYmhZF9qUFiejolhArMiqA
1-3만원대 갓성비옷👉🏻귀티나게 입는 방법🍯꿀팁 룩북 |여름패션코디하울 클래식룩 출근룩 학생룩 데이트룩 하객룩 오피스룩 데일리룩 패션하울 코디추천 대학생 자라,190000,5개월 전,소신사장 SoshinTV,패션,https://i.ytimg.com/vi/Ki_NU5Fw6iM/hq720.jpg?sqp=-oaymwEcCOgCEMoBSFXyq4qpAw4IARUAAIhCGAFwAcABBg==&rs=AOn4CLDULtj6t8zGkz57xytltDHO4PDGLg
STAYC 👔Fashion Change👖,190000,6개월 전,STAYC,패션,https://i.ytimg.com/vi/iPIrudZBm44/hq720.jpg?sqp=-oaymwEcCOgCEMoBSFXyq4qpAw4IARUAAIhCGAFwAcABBg==&rs=AOn4CLApO0IqzjAEAbYyW12kUljTzg7nTQ
여성 구독자 92% 패션 유튜버가 보는 남자 패션,190000,2개월 전,핏더사이즈,패션,https://i.ytimg.com/vi/YZdgMkBHPBg/hq720.jpg?sqp=-oaymwEcCOgCEMoBSFXyq4qpAw4IARUAAIhCGAFwAcABBg==&rs=AOn4CLAvzYssaCLA_iWT7m7HzFCrkvJpCg
가을에 이렇게 입어보세요! 잘입은 한국 패션 데일리룩 코디북.zip,190000,2개월 전,스타일가이드 최겨울,패션,https://i.ytimg.com/vi/PbMGNo3f8jE/hq720.jpg?sqp=-oaymwEcCOgCEMoBSFXyq4qpAw4IARUAAIhCGAFwAcABBg==&rs=AOn4CLABUXw1BlzrHK7W36bx1PZCvm7kUg
걸으면서 고른 옷으로 변신~!! 볼수록 재밌는 패션배틀 캣워크 베틀 catwalk battle [꿈토이 꿀잼 모바일게임],180000,11개월 전,[꿈토이] DreamToy TV,패션,https://i.ytimg.com/vi/kvj6mJcM-OU/hq720.jpg?sqp=-oaymwEcCOgCEMoBSFXyq4qpAw4IARUAAIhCGAFwAcABBg==&rs=AOn4CLDQu4dJ0SLBAPZ4mWPUdqS8e9VV5w
와이드 팬츠 부하지 않게 입을려면? /중년패션코디/ 옷 잘입는법여자/봄 스타일링 여자,180000,8개월 전,패션 팬아시아 Fashion Pan Asia,패션,https://i.ytimg.com/vi/R4dqtoFFsDo/hq720.jpg?sqp=-oaymwEcCOgCEMoBSFXyq4qpAw4IARUAAIhCGAFwAcABBg==&rs=AOn4CLD1GStBEO7WQ_tDI5buaRSt7Dc6zw
여자들이 좋아하는 남자 가을패션 (여자가 먼저 말 걸어요 이렇게 입으면) with 리안,180000,4주 전,DICKHUNTER딕헌터🌶,패션,https://i.ytimg.com/vi/xvtm6lpunco/hq720.jpg?sqp=-oaymwEcCOgCEMoBSFXyq4qpAw4IARUAAIhCGAFwAcABBg==&rs=AOn4CLBCQCpL9Fz5lY_qGX_pcl5bTuXc8Q
이렇게 입으면 여자들이 무조건 설렘,180000,13일 전,우정잉,패션,https://i.ytimg.com/vi/d0tkm97M8HU/hq720.jpg?sqp=-oaymwEcCOgCEMoBSFXyq4qpAw4IARUAAIhCGAFwAcABBg==&rs=AOn4CLC3X4WC9v5u0-GIzOreFd0r3ee8CA
20대 여자들이 무조건 반하게 되는 여름 남자 패션 best 4,180000,5개월 전,진주특별시,패션,https://i.ytimg.com/vi/_8nQR7gc8II/hq720.jpg?sqp=-oaymwEcCOgCEMoBSFXyq4qpAw4IARUAAIhCGAFwAcABBg==&rs=AOn4CLBCT1U8gskp1qvH5qPDPuIMqlqp5Q
"#254 명품없이 귀티나는 중년 데일리룩, 옷 잘 입는 중년의 한 끗 차이 스타일링 [with 스카프]",180000,3주 전,성주언니패션뷰,패션,https://i.ytimg.com/vi/f2rwCG-faMQ/hq720.jpg?sqp=-oaymwEcCOgCEMoBSFXyq4qpAw4IARUAAIhCGAFwAcABBg==&rs=AOn4CLD3bJBgeyzAuD72SN24wrbuOKNhBA
"옷잘알 언니들의 짬바,,겨울 컨셉 패션 대결👯‍♀️ 친구고 뭐고 없다! 구독자 선물 100만원⭐️(with 던스트) | 니꺼?내꺼! Ep.1",170000,2주 전,AliceFunk 앨리스펑크,패션,https://i.ytimg.com/vi/ImeLzHH1jo8/hq720.jpg?sqp=-oaymwEcCOgCEMoBSFXyq4qpAw4IARUAAIhCGAFwAcABBg==&rs=AOn4CLC1QDz-GBlL2N4R2NiOZcsbJq7PPA
봄 패션 고민된다면?🤔 송해나의 스타일링 속성 코치와 함께 올봄 스타일 고민 해결 완✅ | 패션 고민있썸 ? #이벤트,170000,6개월 전,투썸플레이스,패션,https://i.ytimg.com/vi/iHj3cgNFuk0/hq720.jpg?sqp=-oaymwEcCOgCEMoBSFXyq4qpAw4IARUAAIhCGAFwAcABBg==&rs=AOn4CLAOdnNPGvTddetcLomtCZ0NBF7R5w
"이런 남친룩 어떤가요? KCM과 패션 대결 | Y2K 남친룩 [우재, 이런일이 EP.3]",170000,3개월 전,오늘의 주우재,패션,https://i.ytimg.com/vi/B1O6lFpvKh4/hq720.jpg?sqp=-oaymwEcCOgCEMoBSFXyq4qpAw4IARUAAIhCGAFwAcABBg==&rs=AOn4CLBrLSMsjP86q5kaAVDZt3eGV_CvnA
여자에게 있어야할 봄 기본템/중년패션코디/ 옷 잘입는법 여자 /패션/ 스타일링 여자,170000,8개월 전,패션 팬아시아 Fashion Pan Asia,패션,https://i.ytimg.com/vi/0HEjXFG05cA/hq720.jpg?sqp=-oaymwEcCOgCEMoBSFXyq4qpAw4IARUAAIhCGAFwAcABBg==&rs=AOn4CLB6zCZpPL-ayKYoDedtwExDJjLzlQ
[출근룩#9] 패션회사 요즘 뭐입고 출근하나요? 드디어 찐가을🍂🍁,170000,1개월 전,알꽁티브이 [ArrkkongTV],패션,https://i.ytimg.com/vi/1IXaKh3wc04/hq720.jpg?sqp=-oaymwEcCOgCEMoBSFXyq4qpAw4IARUAAIhCGAFwAcABBg==&rs=AOn4CLBiUHyVPKmnzgim8Sg9x1x3O-wJXA
기안84 - 패션왕,170000,5개월 전,인생84,패션,https://i.ytimg.com/vi/FviCos_6Hp0/hq720.jpg?sqp=-oaymwEcCOgCEMoBSFXyq4qpAw4IARUAAIhCGAFwAcABBg==&rs=AOn4CLA46brt3fJe8ooRdA1hOfM0dO_Jeg
K-POP 아이돌 걸그룹 만들기🦄 | 패션만 보고 나만의 아이돌을 만든다면?👗 | 놀아줘클럽 151화,170000,7개월 전,포켓TV / Pocket TV,패션,https://i.ytimg.com/vi/V4IzLb-M5LA/hq720.jpg?sqp=-oaymwEcCOgCEMoBSFXyq4qpAw4IARUAAIhCGAFwAcABBg==&rs=AOn4CLCmkZkeX4EkztVzvwFjWcSgdeokMQ
"""진짜 내용이 이게 다예요..?"" 극소수과목이 되어버린 이과 기하 찍먹해봤습니다 | 패션이과 기하 편(수학하는 땅우쌤)",170000,2일 전,미미미누,패션,https://i.ytimg.com/vi/7e2Ru8YgjRk/hq720.jpg?sqp=-oaymwEcCOgCEMoBSFXyq4qpAw4IARUAAIhCGAFwAcABBg==&rs=AOn4CLAFr4dHNAxD4XL7sUNjU6pkWVFFGA
백예린 패션 스타일의 세 가지 비밀 | 러블리 힙 시크 기본템 쇼핑몰 브랜드 추천🍯🌋🌋,170000,7개월 전,코디제니Your Co-designer,패션,https://i.ytimg.com/vi/uC3fOHzI3AM/hq720.jpg?sqp=-oaymwEcCOgCEMoBSFXyq4qpAw4IARUAAIhCGAFwAcABBg==&rs=AOn4CLAqCKNEuJ-veTTu0rWSLlbesT5J9g
2022년 현실적인 일진 패션 유형 (양아치가 망친 명품들),170000,2개월 전,BODA 보다,패션,https://i.ytimg.com/vi/RyUYBp9xxN8/hq720.jpg?sqp=-oaymwEcCOgCEMoBSFXyq4qpAw4IARUAAIhCGAFwAcABBg==&rs=AOn4CLBn-sZM55nuslcB-RudXTmPeJishg
다리가 길어보이는 키작녀 코디/중년패션코디 /중년패션코디/키커보이는 코디 여자 핵심 4가지 /옷잘입는법여자,160000,1개월 전,패션 팬아시아 Fashion Pan Asia,패션,https://i.ytimg.com/vi/o2ArbCvwjHQ/hq720.jpg?sqp=-oaymwEcCOgCEMoBSFXyq4qpAw4IARUAAIhCGAFwAcABBg==&rs=AOn4CLDimMiqYOhBsgaMtA9vqT-bqVfMHw
"충격적인 ""대한민국 패션 황금기""",170000,7개월 전,똘킹,패션,https://i.ytimg.com/vi/QIeaQ-8WU3w/hq720.jpg?sqp=-oaymwEcCOgCEMoBSFXyq4qpAw4IARUAAIhCGAFwAcABBg==&rs=AOn4CLCS-HUbTgzwJcUb7qiRCa4-yiWBuQ
어글리 패션으로 세계를 제패한 발렌시아가의 리더 '뎀나 바잘리아' 이야기,160000,4개월 전,브랜드보이 Brand Boy,패션,https://i.ytimg.com/vi/dBcyWqRAA2M/hq720.jpg?sqp=-oaymwEcCOgCEMoBSFXyq4qpAw4IARUAAIhCGAFwAcABBg==&rs=AOn4CLD--8tGFc_YiyISDiu5ZaQt0cfldQ
[일본반응]일본에서 한국남자패션이 유행하는이유!,160000,2주 전,물음표채널,패션,https://i.ytimg.com/vi/y3nyVUh0mtI/hq720.jpg?sqp=-oaymwEcCOgCEMoBSFXyq4qpAw4IARUAAIhCGAFwAcABBg==&rs=AOn4CLDZsV8LthDIoKwOPT3ssax8yQdT4Q
옷 사기전에 보자! 무조건 알아야할 패션 트렌드 총정리 [1편],160000,2개월 전,깡스타일리스트,패션,https://i.ytimg.com/vi/uEQKiS1QfBg/hq720.jpg?sqp=-oaymwEcCOgCEMoBSFXyq4qpAw4IARUAAIhCGAFwAcABBg==&rs=AOn4CLA5WuG6OTRvZgosbZsnMne4EQdsCQ
"청순한 첫사랑 패션 스타일링의 거의 모든 것 | 얼굴형 체형 스타일 분석 쇼핑몰 브랜드 추천 (ft.배우 전지현, 손예진 리즈시절)",160000,4개월 전,코디제니Your Co-designer,패션,https://i.ytimg.com/vi/YAjnNWgMpJQ/hq720.jpg?sqp=-oaymwEcCOgCEMoBSFXyq4qpAw4IARUAAIhCGAFwAcABBg==&rs=AOn4CLB_OJ_H2iQ9iowtWbVTua4IeSetDw
부티나는 봄 패션/중년패션코디/ 옷 잘입는법여자/봄 스타일링 여자 7가지,160000,9개월 전,패션 팬아시아 Fashion Pan Asia,패션,https://i.ytimg.com/vi/z5FK-xSBhJQ/hq720.jpg?sqp=-oaymwEcCOgCEMoBSFXyq4qpAw4IARUAAIhCGAFwAcABBg==&rs=AOn4CLAOjRUfWd195hCHDb1XACTuVy6n0Q
1년 안에 지는 패션💡지금 산다면 곧 후회할 아이템들,160000,9개월 전,이율아트 Leeyull Art,패션,https://i.ytimg.com/vi/6VyaHzUn-_M/hq720.jpg?sqp=-oaymwEcCOgCEMoBSFXyq4qpAw4IARUAAIhCGAFwAcABBg==&rs=AOn4CLBMMv3C7Mu2qiBG_l9fvDXImDumlA
"[ENG] 사복패션 장인, 투모로우바이투게더 연준이가 알려주는 'ENFP스러운' 스타일링은? (TXT, YEONJUN, BURBERRY, R13, RICK OWNES, ARIES)",150000,2주 전,GQ KOREA,패션,https://i.ytimg.com/vi/KLqbGJzvuOg/hq720.jpg?sqp=-oaymwEcCOgCEMoBSFXyq4qpAw4IARUAAIhCGAFwAcABBg==&rs=AOn4CLDNq2QJnd_TNEOOU9pWLLDoDEwucg
일진 친구들아 이렇게 입자 제발 💥일진룩 말고도 이쁜 패션 코디,160000,2개월 전,쩡대의 패션하우스,패션,https://i.ytimg.com/vi/qiYGPrI8NQM/hq720.jpg?sqp=-oaymwEcCOgCEMoBSFXyq4qpAw4IARUAAIhCGAFwAcABBg==&rs=AOn4CLDThlPKUpWDMV9vs_AfqdG2ei0DDw
인싸들의 필수 특이한 패션템 4종 리뷰!! (극단적 상황극 주의) [꾹TV],150000,4개월 전,꾹TV(Kkuk TV),패션,https://i.ytimg.com/vi/X1fMNmVapmI/hq720.jpg?sqp=-oaymwEcCOgCEMoBSFXyq4qpAw4IARUAAIhCGAFwAcABBg==&rs=AOn4CLAZ4LcRNJt9vxHLXlJOykmaUOUqzA
남자들이 좋아하는 여자 패션 필.살.템 ㅇㅇㅇ에 대한 모든 것,150000,3개월 전,마선생,패션,https://i.ytimg.com/vi/oNvxTA2vgU4/hq720.jpg?sqp=-oaymwEcCOgCEMoBSFXyq4qpAw4IARUAAIhCGAFwAcABBg==&rs=AOn4CLAHecXbb0_bjBD9gZ433vflyJh2eg
[무도] 이소라 PICK받은 형돈😎 이때부터 시작된 항돈이의 패션 부심🕺 '일일 패션디자이너' 1편 MBC090328방송,150000,7개월 전,옛능 : MBC 옛날 예능 다시보기,패션,https://i.ytimg.com/vi/QEtMSKeRgiI/hq720.jpg?sqp=-oaymwEcCOgCEMoBSFXyq4qpAw4IARUAAIhCGAFwAcABBg==&rs=AOn4CLASDYW6k8e7Ob34bAlhJiM10XnffA
남자 패션 소비 비용 적정선은? [적당한선에서],150000,6개월 전,웃튜브 - WooTube,패션,https://i.ytimg.com/vi/Q7JuErCQ6gQ/hqdefault.jpg?sqp=-oaymwEcCOADEI4CSFXyq4qpAw4IARUAAIhCGAFwAcABBg==&rs=AOn4CLBny_U8jZeBXxkFgnbG2VgLbRvFtw
"🛣 베이직한 스트릿 패션 연출법이 궁금해? (With.1993스튜디오) | 스트릿룩 남자 코디, 새내기 코디, 남자 스트릿룩",140000,1개월 전,오늘의 주우재,패션,https://i.ytimg.com/vi/V30JYyaPrjo/hq720.jpg?sqp=-oaymwEcCOgCEMoBSFXyq4qpAw4IARUAAIhCGAFwAcABBg==&rs=AOn4CLAAHCvhK_AZP_0N-TB6TWrwGXstNw
"✔︎4060 쇼핑 어디서 해요? 중년 패션 가성비 쇼핑몰 TOP 4, 광고❌",140000,11개월 전,AliceFunk 앨리스펑크,패션,https://i.ytimg.com/vi/0eiXRYj5gfY/hq720.jpg?sqp=-oaymwEcCOgCEMoBSFXyq4qpAw4IARUAAIhCGAFwAcABBg==&rs=AOn4CLBSn1DVQDQ-O6iKZoU3HtrClHl_Sg
"50, 60, 70 이후 패션. 런던의 우아한 시대에 옷을 입는 방법.",200000,9일 전,Natasha Faterina - street fashion in London.,패션,https://i.ytimg.com/vi/GuUDLM0FWro/hq720.jpg?sqp=-oaymwEcCOgCEMoBSFXyq4qpAw4IARUAAIhCGAFwAcABBg==&rs=AOn4CLAdDy-3JlsbGkLcFMEyWuv37TCCJg
똑같은 기본 패션인데 왜 쟤는 간지가 날까?,140000,4개월 전,핏더사이즈,패션,https://i.ytimg.com/vi/cf44zpKluD4/hq720.jpg?sqp=-oaymwEcCOgCEMoBSFXyq4qpAw4IARUAAIhCGAFwAcABBg==&rs=AOn4CLDvAKczC859o2da95cyQdnT6-lxdA
[빅뱅] GD 패션 지적할 수 있는 유일한 사람 = 정형돈✨ | 그녀석들의이중생활,140000,7개월 전,디글 클래식 :Diggle Classic,패션,https://i.ytimg.com/vi/fEFqSwzV2rc/hq720.jpg?sqp=-oaymwEcCOgCEMoBSFXyq4qpAw4IARUAAIhCGAFwAcABBg==&rs=AOn4CLBPpTVUCvgbtNBEujX4KiJQ3d3S1g
🔎요즘 패션 둘러보기 ❗️,140000,2개월 전,Bora Claire,패션,https://i.ytimg.com/vi/oeoLBfBwSR4/hq720.jpg?sqp=-oaymwEcCOgCEMoBSFXyq4qpAw4IARUAAIhCGAFwAcABBg==&rs=AOn4CLBbWqFEwOBtaB6WyIXJ6o-NTcd-Vw
[MBN 프레스룸] 김건희 여사 '조문 패션'에 쏠린 눈,140000,1개월 전,MBN News,패션,https://i.ytimg.com/vi/xFiLw5vrshs/hq720.jpg?sqp=-oaymwEcCOgCEMoBSFXyq4qpAw4IARUAAIhCGAFwAcABBg==&rs=AOn4CLBgmrErNuu0lZbVt9D6tP_YxDNXUg
남자들이 좋아하는 여자 가을 패션 코디 1탄,140000,1개월 전,마선생,패션,https://i.ytimg.com/vi/wW4uhZ-9L9E/hq720.jpg?sqp=-oaymwEcCOgCEMoBSFXyq4qpAw4IARUAAIhCGAFwAcABBg==&rs=AOn4CLDW9K5O6_l7Y4lYAZPVJYzOGz-RJA
한 끗 포인트로 쉽게✔️입을 옷 없을 때 따라입기 좋은 스타일별 사복 패션 분석💖(키작녀부터 키큰녀까지!),140000,2주 전,AliceFunk 앨리스펑크,패션,https://i.ytimg.com/vi/f0LGNgBixPs/hq720.jpg?sqp=-oaymwEcCOgCEMoBSFXyq4qpAw4IARUAAIhCGAFwAcABBg==&rs=AOn4CLCm1hRfaOcIOPYDwu9SmZ_Iu6X3yA
2022 FW 패션 트렌드 9가지 총정리 | FW 2022 Fashion Trend,140000,2개월 전,패션디자이너 힙토리,패션,https://i.ytimg.com/vi/_33uH9A0gww/hq720.jpg?sqp=-oaymwEcCOgCEMoBSFXyq4qpAw4IARUAAIhCGAFwAcABBg==&rs=AOn4CLCkOeE8NP8VCcutikAk3HPZ9BhhVQ
최악의패션..🤬티셔츠에 넥타이ㅋㅋㅋ미치겟다.. 판도라에 들어가야겠다.,140000,9개월 전,쩡대의 패션하우스,패션,https://i.ytimg.com/vi/N5gifNheQpY/hq720.jpg?sqp=-oaymwEcCOgCEMoBSFXyq4qpAw4IARUAAIhCGAFwAcABBg==&rs=AOn4CLAS1qvzUxgoJlZAnx2Sz4RxrFd63g
😍런던에서 사람들은 무엇을 입고 있나요? 가을 스트리트 패션.,140000,3주 전,Natasha Faterina - street fashion in London.,패션,https://i.ytimg.com/vi/qp9-Ff2Jn5Y/hq720.jpg?sqp=-oaymwEcCOgCEMoBSFXyq4qpAw4IARUAAIhCGAFwAcABBg==&rs=AOn4CLCq0klYhyV52di3pHy24YfVA6H7hg
🧦모내기룩은 어떻게 패션 트렌드가 되었을까요?,140000,6개월 전,Beyond Sports,패션,https://i.ytimg.com/vi/tnJXltfg47A/hq720.jpg?sqp=-oaymwEcCOgCEMoBSFXyq4qpAw4IARUAAIhCGAFwAcABBg==&rs=AOn4CLAMgeRNq0rno_oyl7cs5yu5Kut_8w
역대급! 서바이벌 👗패션게임이 시작됐다! (도서지원) | 이 캐릭터들 다 있다고?! | 나랑나상황극 | shinbi house paper dolls,140000,4개월 전,나랑나 Narangna,패션,https://i.ytimg.com/vi/kBnsi83OFl8/hq720.jpg?sqp=-oaymwEcCOgCEMoBSFXyq4qpAw4IARUAAIhCGAFwAcABBg==&rs=AOn4CLCSf6x2B57nzwfSL2R5xsPEqJFtpg
"ZARA, COS 패션하울🍁SPA 브랜드 신상으로 가을 트렌드 멱살잡기! [최은경의 관리사무소]",130000,1개월 전,최은경의 관리사무소,패션,https://i.ytimg.com/vi/r3uehD5pkTc/hq720.jpg?sqp=-oaymwEcCOgCEMoBSFXyq4qpAw4IARUAAIhCGAFwAcABBg==&rs=AOn4CLAsMftClFRPxenm6ooa9FGGoq_R0g
"👗ZARA, COS로 2022 명품 패션 트렌드 입어보기👠 [최은경의 관리사무소]",130000,8개월 전,최은경의 관리사무소,패션,https://i.ytimg.com/vi/UEPItdIom2I/hq720.jpg?sqp=-oaymwEcCOgCEMoBSFXyq4qpAw4IARUAAIhCGAFwAcABBg==&rs=AOn4CLCHQjCDprNUdSs9WYtnwQcZ4FKiFw
와 진짜 20살이라고 해도 믿겠네..;; 패션 스타일 미쳤다,130000,4주 전,스타일가이드 최겨울,패션,https://i.ytimg.com/vi/jcpZ5RcjLEY/hq720.jpg?sqp=-oaymwEcCOgCEMoBSFXyq4qpAw4IARUAAIhCGAFwAcABBg==&rs=AOn4CLBGo6Kog03Uwmg16nezmOxnYONIvA
ENG) 요즘 유행템 잔뜩 샤핑🔥 핫한 브랜드 소개 • y2k 패션 • 싸고 예쁜 쇼핑몰 추천,130000,4개월 전,미니월드 Minni,패션,https://i.ytimg.com/vi/kuO6zcfH_xk/hq720.jpg?sqp=-oaymwEcCOgCEMoBSFXyq4qpAw4IARUAAIhCGAFwAcABBg==&rs=AOn4CLCVTe_KfqZeQERhyVyIomzGt0UCpA
세라♥︎정진 파리 패션위크 vlog (구독자이벤트🎁) | EENK | Isabel Marant | RSVP | Ganni | Delvaux,130000,1개월 전,세라에게 정진 SRJJ Couple,패션,https://i.ytimg.com/vi/iu_CFE-h4h4/hq720.jpg?sqp=-oaymwEcCOgCEMoBSFXyq4qpAw4IARUAAIhCGAFwAcABBg==&rs=AOn4CLBXGK6S3Hhtx3x-yyXboxD72hXkow
요즘 '한국남자 유행패션' 이 영상으로 끝,130000,7개월 전,스타일가이드 최겨울,패션,https://i.ytimg.com/vi/PnzOQKeYzcQ/hq720.jpg?sqp=-oaymwEcCOgCEMoBSFXyq4qpAw4IARUAAIhCGAFwAcABBg==&rs=AOn4CLAboyL_f1mHb_Ucmao8oDmBb46vcw
"“드라마 안나” 수지 vs 정은채 패션 리뷰 👠 | 수지 패션, 수지 가방 / 정은채 패션, 정은채 가방 정리! 👛",130000,4개월 전,패션디자이너 힙토리,패션,https://i.ytimg.com/vi/aGDHxBICLGQ/hq720.jpg?sqp=-oaymwEcCOgCEMoBSFXyq4qpAw4IARUAAIhCGAFwAcABBg==&rs=AOn4CLBY_EdH5D3_-Q849S__3m26RV0-1w
요즘 유행하는 패션 아이템 쇼핑후기! 스쇼!,120000,4개월 전,스타일가이드 최겨울,패션,https://i.ytimg.com/vi/u2yDiFTM-hE/hq720.jpg?sqp=-oaymwEcCOgCEMoBSFXyq4qpAw4IARUAAIhCGAFwAcABBg==&rs=AOn4CLCpaEaXYyMeYKpwcWQsecFvXteFAA
블링 블링💛패션샵💜 DIY,120000,6개월 전,소워니놀이터 Sowony playground,패션,https://i.ytimg.com/vi/K13ByrUlaaY/hq720.jpg?sqp=-oaymwEcCOgCEMoBSFXyq4qpAw4IARUAAIhCGAFwAcABBg==&rs=AOn4CLD8L4w8rb6QqFxiakcS8gesrWRaPw
올 여름 유행 맥시 니트 원피스는?/중년패션코디/ 옷 잘입는법 여자/봄 원피스 룩북 스타일링 /Spring summer 2022/dress outfits/outfit ideas,120000,6개월 전,패션 팬아시아 Fashion Pan Asia,패션,https://i.ytimg.com/vi/BqIFOWee0ms/hq720.jpg?sqp=-oaymwEcCOgCEMoBSFXyq4qpAw4IARUAAIhCGAFwAcABBg==&rs=AOn4CLDEZsA7b03bwc1sQKlz24bhtzTiIA
(ENG)기본 청자켓 코디/중년패션코디/ 옷 잘입는법여자/청자켓 코디 스타일링 여자,120000,2개월 전,패션 팬아시아 Fashion Pan Asia,패션,https://i.ytimg.com/vi/uo2d5Ivp-FI/hq720.jpg?sqp=-oaymwEcCOgCEMoBSFXyq4qpAw4IARUAAIhCGAFwAcABBg==&rs=AOn4CLD6BzKOqSZ9Eo9x5c006yoqAN4H2w
(ENG) 기본니트코디2/중년패션코디/ 옷 잘입는법여자/기본템 코디와 스타일링 여자,120000,1개월 전,패션 팬아시아 Fashion Pan Asia,패션,https://i.ytimg.com/vi/cViCeotSV-Y/hq720.jpg?sqp=-oaymwEcCOgCEMoBSFXyq4qpAw4IARUAAIhCGAFwAcABBg==&rs=AOn4CLBkYSSpDzmOEHX8EKObbk0PUJE8mA
"일본여행 4K💣귀엽다고 무조건 따라가지 마세요. 정신질환도 패션이 될수있는 기묘한 일본의 패션문화| 지뢰계,양산형,얀데레,멘헤라",120000,3개월 전,우리두리,패션,https://i.ytimg.com/vi/vmqzKrVrDoY/hq720.jpg?sqp=-oaymwEcCOgCEMoBSFXyq4qpAw4IARUAAIhCGAFwAcABBg==&rs=AOn4CLDI0JXpdU6EJqccmTSBQzecStPiGA
[ENG] ⭐️채정안TV 스텝의 여배우 집 털기⭐️ㅣ패션 라이프 인테리어ㅣ여배우 쇼핑 목록,120000,2개월 전,채정안TV,패션,https://i.ytimg.com/vi/6Tcb8G1GPS0/hq720.jpg?sqp=-oaymwEcCOgCEMoBSFXyq4qpAw4IARUAAIhCGAFwAcABBg==&rs=AOn4CLBDddizyhu9CtlmxoweTsjQClEGlQ
잘 알려지지 않은 '국내 패션 브랜드 5가지' 추천!👊 나만 알고 싶었는데ㅠㅠ..,120000,7개월 전,스타일가이드 최겨울,패션,https://i.ytimg.com/vi/DuswJXrFPFQ/hq720.jpg?sqp=-oaymwEcCOgCEMoBSFXyq4qpAw4IARUAAIhCGAFwAcABBg==&rs=AOn4CLCjR-dsNZAkWFgGtppFTnp7T9ZJ_w
2022가을코디 걱정끝! '브랜드 추천 5가지' 다 너무 이쁜데?,120000,2개월 전,스타일가이드 최겨울,패션,https://i.ytimg.com/vi/xzMGLFwnZ7Y/hq720.jpg?sqp=-oaymwEcCOgCEMoBSFXyq4qpAw4IARUAAIhCGAFwAcABBg==&rs=AOn4CLCi2_gMVmE7ddK9LRIxlUUvfbR4ug
2022 F/W 패션 트렌드 총정리,120000,3개월 전,미니노트,패션,https://i.ytimg.com/vi/shd2ch94qEA/hqdefault.jpg?sqp=-oaymwEcCOADEI4CSFXyq4qpAw4IARUAAIhCGAFwAcABBg==&rs=AOn4CLDKYZ1J8EQPjZ7NMfRXHCMbjqWLIw
[티니핑 패션게임] 👗요정들도 게임을 시작한다! | 나랑나상황극 | 캐치티니핑 마그네틱 코디숍,120000,3개월 전,나랑나 Narangna,패션,https://i.ytimg.com/vi/2K8BpKMufb4/hq720.jpg?sqp=-oaymwEcCOgCEMoBSFXyq4qpAw4IARUAAIhCGAFwAcABBg==&rs=AOn4CLDrgUcMnAOe34ztXlz4prEaqZH8pw
남자들이 심쿵할 수 밖에 없는 여자 패션 (겨울편 F/W),110000,11개월 전,마선생,패션,https://i.ytimg.com/vi/nkO7ZQtu0m8/hq720.jpg?sqp=-oaymwEcCOgCEMoBSFXyq4qpAw4IARUAAIhCGAFwAcABBg==&rs=AOn4CLAzs7lzPC82QkDg9Ib27Wo2-5Fs6Q
한국 패션 유행은 돌고 돈다.. 진짜 맞네 대박이다 ;; ㅇㅈ,110000,5개월 전,스타일가이드 최겨울,패션,https://i.ytimg.com/vi/4iaSQyuze30/hq720.jpg?sqp=-oaymwEcCOgCEMoBSFXyq4qpAw4IARUAAIhCGAFwAcABBg==&rs=AOn4CLAgcmKsRZ_VpBT3XSvlL2dKjwinsw
내 패션에 날씨는 거들 뿐 @1582ㅣDisco pang pangㅣTagadaㅣKoreancultureㅣ,110000,3주 전,주태백이TV JTBETV,패션,https://i.ytimg.com/vi/cYVxhK3_7tU/hq720.jpg?sqp=-oaymwEcCOgCEMoBSFXyq4qpAw4IARUAAIhCGAFwAcABBg==&rs=AOn4CLBAfNgvOpiNPf2SNTzqDUGniR-9Aw
패션하울 📦🍁언박싱하다 하루 다감!✴︎색감이쁜 데일리룩 같이 언박싱해~보자구(니트/와이드진/부츠/가방),110000,2주 전,haeyoo 해유,패션,https://i.ytimg.com/vi/8dYjx8wjX8k/hq720.jpg?sqp=-oaymwEcCOgCEMoBSFXyq4qpAw4IARUAAIhCGAFwAcABBg==&rs=AOn4CLDL6z4RdQWMIq9zOE6j87QexuC10g
두리안 망고 패션후르츠 열대과일 리얼사운드 먹방 | 리치 람부탄 | Durian & Fruit Eating show MUKBANG ASMR,110000,2개월 전,HONG SOUND,패션,https://i.ytimg.com/vi/Iz6hL6wBoVA/hq720.jpg?sqp=-oaymwEcCOgCEMoBSFXyq4qpAw4IARUAAIhCGAFwAcABBg==&rs=AOn4CLCb569OjRoSGmlbM9is0KjjIgKT-w
[EN]호텔가운 입고 간 파리 패션위크 이야기,110000,4개월 전,런업,패션,https://i.ytimg.com/vi/oikjTYGGA58/hq720.jpg?sqp=-oaymwEcCOgCEMoBSFXyq4qpAw4IARUAAIhCGAFwAcABBg==&rs=AOn4CLDpBxkdA2f4jUUkOh_6Wff_5c8SIA
[출근룩#10] 패션회사 신입사원 가을 출근룩!!🍂🍁 (feat. 쿠앤크라떼남),110000,4주 전,알꽁티브이 [ArrkkongTV],패션,https://i.ytimg.com/vi/IB-lLEP0mhQ/hq720.jpg?sqp=-oaymwEcCOgCEMoBSFXyq4qpAw4IARUAAIhCGAFwAcABBg==&rs=AOn4CLD-ejSSTLVQdPZeUpXVWz_IPlZGQA
가을 의상 아이디어. 런던의 아름다운 스트리트 패션.,110000,3주 전,Natasha Faterina - street fashion in London.,패션,https://i.ytimg.com/vi/gfXLYSGphzM/hq720.jpg?sqp=-oaymwEcCOgCEMoBSFXyq4qpAw4IARUAAIhCGAFwAcABBg==&rs=AOn4CLAMzBdI1yFMOUstuAfNU2hLuk9zwQ
학교 일진들 패션 특징 공감 ㅋㅋㅋㅋㅋㅋㅋㅋㅋㅋ,110000,2개월 전,원정상,패션,https://i.ytimg.com/vi/jDUMl4EsT3k/hq720.jpg?sqp=-oaymwEcCOgCEMoBSFXyq4qpAw4IARUAAIhCGAFwAcABBg==&rs=AOn4CLDyaQb_pan-oAnXh8Nj5brYI-il0A
입고 다니면..어디서 샀냐고 질문 받는 '패션 브랜드' 추천 5가지!,100000,5개월 전,스타일가이드 최겨울,패션,https://i.ytimg.com/vi/pDNkfyb6q2E/hq720.jpg?sqp=-oaymwEcCOgCEMoBSFXyq4qpAw4IARUAAIhCGAFwAcABBg==&rs=AOn4CLD2fGLlUmysgg52kmxWCNxPWbS3NQ
"남자들이 환장하는 여자 가을 패션 Part.2 (키작녀,니트,롱부츠,자켓)",100000,1개월 전,마선생,패션,https://i.ytimg.com/vi/n-yGZQRN6JE/hq720.jpg?sqp=-oaymwEcCOgCEMoBSFXyq4qpAw4IARUAAIhCGAFwAcABBg==&rs=AOn4CLBMuLtyHr20CtYWgB1uJpGXBT1DRg
미미짱의 패션은 누구에게나 멋있을까?,100000,2주 전,김은별컴퍼니,패션,https://i.ytimg.com/vi/qtaeyjoxJS0/hq720.jpg?sqp=-oaymwEcCOgCEMoBSFXyq4qpAw4IARUAAIhCGAFwAcABBg==&rs=AOn4CLBgDc_MycpjVotP57XaVePhAehRBQ
오늘 뭐 입지? 요즘 남자 패션 둘러보기,100000,3일 전,핏더사이즈,패션,https://i.ytimg.com/vi/ABA1XLyxDfc/hq720.jpg?sqp=-oaymwEcCOgCEMoBSFXyq4qpAw4IARUAAIhCGAFwAcABBg==&rs=AOn4CLCp2ls4XQKZ2jeBjPnpj8NKhh4oEg
"Haul. 힙한 가을 패션, 지금 입기 좋은 니트,팬츠,가디건 그리고 미리 준비하는 아우터까지 알찬 가을,겨울 패션하울, 데일리룩, 인생팬츠, 모자추천, 이벤트 with 시티브리즈",100000,1개월 전,제제로 JEJELO,패션,https://i.ytimg.com/vi/q4UPRtZdz38/hq720.jpg?sqp=-oaymwEcCOgCEMoBSFXyq4qpAw4IARUAAIhCGAFwAcABBg==&rs=AOn4CLA1b_D96AxslmXn5rR7cRjV7Cg_Dg
여름티셔츠를 잘입는 여자는?/중년패션코디/ 옷 잘입는법여자/봄 스타일링 여자 그리고 여름티셔츠와 여름 티셔츠 코디,100000,5개월 전,패션 팬아시아 Fashion Pan Asia,패션,https://i.ytimg.com/vi/ibAniCt2ALA/hq720.jpg?sqp=-oaymwEcCOgCEMoBSFXyq4qpAw4IARUAAIhCGAFwAcABBg==&rs=AOn4CLDtKj6lrzmbOat9cYr51XNK-2jevg
"🔎요즘 패션 둘러보기❗️지금 가장 뜨는 신발은 OO, ❌️옷사지 말고 OOO코디, 꿀잼소식 가득🧉",100000,2주 전,Bora Claire,패션,https://i.ytimg.com/vi/GmkTaYvMVjo/hq720.jpg?sqp=-oaymwEcCOgCEMoBSFXyq4qpAw4IARUAAIhCGAFwAcABBg==&rs=AOn4CLCS3fS9vfsPGxfj6DWvwHv_bMGNew
2021년 현재 여자 고등학생들 어떻게 입어? 😎 고등학생 패션 ep-1,100000,11개월 전,쩡대의 패션하우스,패션,https://i.ytimg.com/vi/9Zr3amlpfOQ/hq720.jpg?sqp=-oaymwEcCOgCEMoBSFXyq4qpAw4IARUAAIhCGAFwAcABBg==&rs=AOn4CLDhFODCumeTenzs-JjJ8J79awVQpQ
Why Japanese Americana Fashion is SO MUCH Effing Better than American | THECASUAL,100000,1개월 전,THE CASUAL,패션,https://i.ytimg.com/vi/ZN2KVDWAULY/hq720.jpg?sqp=-oaymwEcCOgCEMoBSFXyq4qpAw4IARUAAIhCGAFwAcABBg==&rs=AOn4CLAcwK67cVd2atzrHjrn7_9chwTA7w
알아두면 엄청 유용한 패션꿀팁 10가지❣️,100000,3개월 전,Bora Claire,패션,https://i.ytimg.com/vi/tg3V5-VUSXw/hq720.jpg?sqp=-oaymwEcCOgCEMoBSFXyq4qpAw4IARUAAIhCGAFwAcABBg==&rs=AOn4CLDWmQx1yPw4AFFgkHNyLhqrMr7ILA
파리 패션 위크를 찢은 발렌시아가 패션쇼,100000,7개월 전,WLDO,패션,https://i.ytimg.com/vi/GOifBkb1CiI/hq720.jpg?sqp=-oaymwEcCOgCEMoBSFXyq4qpAw4IARUAAIhCGAFwAcABBg==&rs=AOn4CLBu5fbIx2kA2lNCeT0JnMI-PoyB1A
여름을 귀티나게/중년패션코디/ 옷 잘입는법 여자 /패션/ 스타일링 여자,100000,3개월 전,패션 팬아시아 Fashion Pan Asia,패션,https://i.ytimg.com/vi/blKQCEgnA9g/hq720.jpg?sqp=-oaymwEcCOgCEMoBSFXyq4qpAw4IARUAAIhCGAFwAcABBg==&rs=AOn4CLBu4z3OOgaml1LpepFnvTySD6yjlA
옷 이렇게 입어보세요! 사소하지만 센스있는 패션 코디,100000,7개월 전,스타일가이드 최겨울,패션,https://i.ytimg.com/vi/sVcXO4HQPSc/hq720.jpg?sqp=-oaymwEcCOgCEMoBSFXyq4qpAw4IARUAAIhCGAFwAcABBg==&rs=AOn4CLCiFLCXnGX5XSdQiP93ej3T8psU3A
"[남자 데이트 코디 추천] 비키니 모델이 좋아하는 패션,,?",100000,3주 전,핏더사이즈,패션,https://i.ytimg.com/vi/T1DRt5PkulY/hq720.jpg?sqp=-oaymwEcCOgCEMoBSFXyq4qpAw4IARUAAIhCGAFwAcABBg==&rs=AOn4CLBroDzA1Ogxp4EJ8csfXHkNW8lq5w
"[ENG]댄서들은 옷 어디서 사요? 안무 의상, 사복 패션, 구제 옷까지!👙 댄서들의 룩북 대공개🔥 옷 잘 입는 꿀팁까지 싹다 알려드립니다!😎 [홀리뱅]",100000,1개월 전,홀리뱅 HOLYBANG,패션,https://i.ytimg.com/vi/KvEkQkty_VU/hq720.jpg?sqp=-oaymwEcCOgCEMoBSFXyq4qpAw4IARUAAIhCGAFwAcABBg==&rs=AOn4CLBS3jGYhf5ABgOltJrwboxQ2GDS0A
"고급스런 중년가을패션, 귀티나는 가을분위기연출, Middle-aged women's fall fashion outfit",99000,1개월 전,해즐루,패션,https://i.ytimg.com/vi/YcH3lcuZ8w0/hq720.jpg?sqp=-oaymwEcCOgCEMoBSFXyq4qpAw4IARUAAIhCGAFwAcABBg==&rs=AOn4CLAGVbhjCQXv71gSljoMfXrV3g2i0A
"단 한 가지 포인트로 완성하는 스트릿 패션💛 | 룩북,ootd,하울,데일리룩,디스이즈네버댓,mmlg,더바이닐하우스,비슬로우",98000,5개월 전,휘인 Whee In,패션,https://i.ytimg.com/vi/m68yW80BzJs/hq720.jpg?sqp=-oaymwEcCOgCEMoBSFXyq4qpAw4IARUAAIhCGAFwAcABBg==&rs=AOn4CLDhCAe3sEF8kDQ0-qrGi4If2oKopg
"나이키라 쓰고 패션이라 읽는다, 디자인의 역사를 새로 쓴 나이키 /14F",98000,5개월 전,14F 일사에프,패션,https://i.ytimg.com/vi/eXigC9tq0Hg/hq720.jpg?sqp=-oaymwEcCOgCEMoBSFXyq4qpAw4IARUAAIhCGAFwAcABBg==&rs=AOn4CLC_hRY-hcPrsUGC7ZDlbHHGzXgQNg
"중학생인데 주량이 잎새주 한병?! ..일찐 같은데, 또 일찐 몰아간다고 하겠네 하...",99000,2개월 전,쩡대의 패션하우스,패션,https://i.ytimg.com/vi/3ZPe0DbCjdM/hq720.jpg?sqp=-oaymwEcCOgCEMoBSFXyq4qpAw4IARUAAIhCGAFwAcABBg==&rs=AOn4CLBH9pbhjkEpxt9x5H0o9u_CgcaOJQ
2022 S/S 패션 트렌드 총정리,97000,10개월 전,미니노트,패션,https://i.ytimg.com/vi/7hxszFqaYZk/hqdefault.jpg?sqp=-oaymwEcCOADEI4CSFXyq4qpAw4IARUAAIhCGAFwAcABBg==&rs=AOn4CLARMfscx7aZojwbFordny2k1v543g
이렇게 귀여워도 되나 싶을 정도로 귀여운 강아지 패션,96000,2주 전,보통견주,패션,https://i.ytimg.com/vi/EokP8BeOpbw/hq720.jpg?sqp=-oaymwEcCOgCEMoBSFXyq4qpAw4IARUAAIhCGAFwAcABBg==&rs=AOn4CLBB4cVk-9aHckz2o35_7-cHqIRUaQ
대학생 패션 이렇게 입으면 완벽하죠잉?! 다양한 스스므 패션,96000,2개월 전,스타일가이드 최겨울,패션,https://i.ytimg.com/vi/yfnjm73UwII/hq720.jpg?sqp=-oaymwEcCOgCEMoBSFXyq4qpAw4IARUAAIhCGAFwAcABBg==&rs=AOn4CLD-txYkuPqZiDeY2rND7UPDwEMYTw
옷잘입는 사람들은 뭘 입었나~ 스타일 뜯어보기 (3년만에 열린 서울패션위크😆🎉 ),97000,2주 전,옆집언니 최실장 stylist unnie,패션,https://i.ytimg.com/vi/IL4vo3EaRSc/hq720.jpg?sqp=-oaymwEcCOgCEMoBSFXyq4qpAw4IARUAAIhCGAFwAcABBg==&rs=AOn4CLD8cE3Y7AV8Zmc3QJMQQC5MncZ7nw
한 번 사면 손자까지 물려주는 [남자 패션 아이템] 총정리 | 클래씨,95000,6개월 전,클래씨 ClassyTV,패션,https://i.ytimg.com/vi/UjU6Bvxpm5s/hq720.jpg?sqp=-oaymwEcCOgCEMoBSFXyq4qpAw4IARUAAIhCGAFwAcABBg==&rs=AOn4CLCE_oR1mtAYLFtzJiqezNPFgvzTKg
"haul 💳 패션 쇼핑하울 10item 소개! (플리스 추천, 비비안웨스트우드, 케즈 메리제인, 써네이 후드, 겨울 아우터, 프렌다, 파르티멘토우먼, 지그재그, 29cm, w컨셉)",96000,9일 전,실버라이너 Silverliner,패션,https://i.ytimg.com/vi/6AkdCpFG0cw/hq720.jpg?sqp=-oaymwEcCOgCEMoBSFXyq4qpAw4IARUAAIhCGAFwAcABBg==&rs=AOn4CLANa3ytrfXMILp3B4e2swrlsjStkQ
"은근히 많이 틀리는 결혼식장 매너 총정리 [축의금, 하객 패션 등] 클래씨",96000,6개월 전,클래씨 ClassyTV,패션,https://i.ytimg.com/vi/GtT4xzXhJQA/hq720.jpg?sqp=-oaymwEcCOgCEMoBSFXyq4qpAw4IARUAAIhCGAFwAcABBg==&rs=AOn4CLCImdph85zpyBKhNb-lsfGdYiSbrg
white pants의 다양한 코디방법/ 화이트팬츠코디/중년패션코디/ 옷 잘입는법여자/여름 스타일링 여자 /Spring summer 2022/Outfits/outfit ideas,92000,5개월 전,패션 팬아시아 Fashion Pan Asia,패션,https://i.ytimg.com/vi/QAy17dQwiYs/hq720.jpg?sqp=-oaymwEcCOgCEMoBSFXyq4qpAw4IARUAAIhCGAFwAcABBg==&rs=AOn4CLBb_FZLOn7qG3iJlBpX9_2GVHwJrw
남자 스트릿 여름 패션 가이드 모음집.zip,92000,4개월 전,스타일가이드 최겨울,패션,https://i.ytimg.com/vi/pZ9eYErNGKc/hq720.jpg?sqp=-oaymwEcCOgCEMoBSFXyq4qpAw4IARUAAIhCGAFwAcABBg==&rs=AOn4CLB2jJs_9pWEM9tiJHovhwZM29qHrw
The Emporio Armani Spring Summer 2023 Womenswear Fashion Show,95000,1개월 전,Armani,패션,https://i.ytimg.com/vi/mFfCfF8D6Xs/hq720.jpg?sqp=-oaymwEcCOgCEMoBSFXyq4qpAw4IARUAAIhCGAFwAcABBg==&rs=AOn4CLBkcWoGZgj_Wwy3XjHuD_8QUaUDgA
패션 하울🤎이번 가을에 완전 잘 산것들만!🍂(+캔버스백 마지막 오픈!) Korean Fall Fashion Style,92000,3주 전,도영도영이,패션,https://i.ytimg.com/vi/vCxQHvMH-Yw/hq720.jpg?sqp=-oaymwEcCOgCEMoBSFXyq4qpAw4IARUAAIhCGAFwAcABBg==&rs=AOn4CLB7gGvlKljnQayzYjqx2Jkd5wd-gg
The Emporio Armani Spring Summer 2023 Menswear Fashion Show,92000,4개월 전,Armani,패션,https://i.ytimg.com/vi/XhMgln9-DoQ/hq720.jpg?sqp=-oaymwEcCOgCEMoBSFXyq4qpAw4IARUAAIhCGAFwAcABBg==&rs=AOn4CLD5UwBOIPRvRw5I1qsMm8F_wHKYyQ
옷잘입는중년은? /중년패션코디/ 옷 잘입는법 여자 /패션/ 여름코디/스타일링 여자,90000,2개월 전,패션 팬아시아 Fashion Pan Asia,패션,https://i.ytimg.com/vi/GWd9PHKIOh0/hq720.jpg?sqp=-oaymwEcCOgCEMoBSFXyq4qpAw4IARUAAIhCGAFwAcABBg==&rs=AOn4CLBrZD2aRPCrsDcIW67umO4giwLlgA
2022 여름 패션 트렌드 데일리 룩 추천 7가지!,89000,6개월 전,stylestory,패션,https://i.ytimg.com/vi/Lrs33Qrfz0k/hq720.jpg?sqp=-oaymwEcCOgCEMoBSFXyq4qpAw4IARUAAIhCGAFwAcABBg==&rs=AOn4CLDkbTgmsSAVpw0X8Z5bIkxz2PAGYg
BERRY BEACHY BIKINI Fashion 4K / ft supermodel CINDY PRADO,91000,2일 전,SHIFT,패션,https://i.ytimg.com/vi/CNOgpk3ywCo/hq720.jpg?sqp=-oaymwEcCOgCEMoBSFXyq4qpAw4IARUAAIhCGAFwAcABBg==&rs=AOn4CLCio3DROFXo03YHxV_9WfaGwrsQZw
놀러가기전 필수시청☀ 섹시한 남자 여름 휴가 패션 6가지 추천,89000,3개월 전,핏더사이즈,패션,https://i.ytimg.com/vi/cNDD-mU5c0c/hq720.jpg?sqp=-oaymwEcCOgCEMoBSFXyq4qpAw4IARUAAIhCGAFwAcABBg==&rs=AOn4CLA9wipbnJJz0lY6PA3jYvLqpfKH5w
현재 커뮤니티에서 난리난 그녀들의 충격 패션,88000,5개월 전,서새봄,패션,https://i.ytimg.com/vi/K_IEXgyLxb4/hq720.jpg?sqp=-oaymwEcCOgCEMoBSFXyq4qpAw4IARUAAIhCGAFwAcABBg==&rs=AOn4CLAjOdYmH_d-LwHmfNpKhW850uNXfQ
"Lookbook 봄바람이 휘인~휘인~💗 봄맞이 데일리 룩북!🌼 | 휘인 | OOTD, 패션, 봄 코디, 봄 스타일",86000,7개월 전,휘인 Whee In,패션,https://i.ytimg.com/vi/q4e-qvEqwiY/hq720.jpg?sqp=-oaymwEcCOgCEMoBSFXyq4qpAw4IARUAAIhCGAFwAcABBg==&rs=AOn4CLCxKPtTBNLzroMPhkZeAl7jSInKMg
"(eng/jpn) 알짜배기 여름 패션 하울 🏖 원피스, 점프수트, 이너 속옷, 잠옷, 가방, 액세서리 추천 / 주얼리 마켓 공지⛓✨ Summer Fashion Haul",86000,4개월 전,Minjeong Park,패션,https://i.ytimg.com/vi/XEnSZDRyiwE/hq720.jpg?sqp=-oaymwEcCOgCEMoBSFXyq4qpAw4IARUAAIhCGAFwAcABBg==&rs=AOn4CLD7ZV_ceN5I4Y0Ht-zgaALXuzvkHg
겨울코디 어렵지 않아요. 잔잔하게 스며드는 '겨울 패션템' 3종🌀,88000,6일 전,스타일가이드 최겨울,패션,https://i.ytimg.com/vi/z9uLXtJVcvM/hq720.jpg?sqp=-oaymwEcCOgCEMoBSFXyq4qpAw4IARUAAIhCGAFwAcABBg==&rs=AOn4CLB1sfjirl1c8vGGX5lfp5x4ErXbPw
2022 잘 입은 가을 패션 코디북.zip,86000,4주 전,스타일가이드 최겨울,패션,https://i.ytimg.com/vi/Aawwg_ozafo/hq720.jpg?sqp=-oaymwEcCOgCEMoBSFXyq4qpAw4IARUAAIhCGAFwAcABBg==&rs=AOn4CLB7UvzlCWjHv98M1SlnlO3c3YEXIQ
옷 사랑하는 옷 덕후 뽀따가 절대 안 사는 6가지 패션템??!!👗🧥👕,85000,2개월 전,뽀따TV POTTA_TV,패션,https://i.ytimg.com/vi/aNjnQKE_ZXU/hq720.jpg?sqp=-oaymwEcCOgCEMoBSFXyq4qpAw4IARUAAIhCGAFwAcABBg==&rs=AOn4CLAoQRTSIBRkIZNeOqRwDT75E5gTYg
명품없이 옷잘입는 블랙과 회색 코디 공식/실패하지않는 부티나는 옷 여자스타일/세련된 코디 패션코디/ 중년패션코디 /옷잘입는법여자,86000,12일 전,패션 팬아시아 Fashion Pan Asia,패션,https://i.ytimg.com/vi/_pX8eLH1bNE/hq720.jpg?sqp=-oaymwEcCOgCEMoBSFXyq4qpAw4IARUAAIhCGAFwAcABBg==&rs=AOn4CLDXzuxISswdCu3Hs2t3MZETs5-Prw
[ENG CC] 망한 패션도 살려내는 패션 심폐소생술💘 이거만 따라하면 22FW 트렌드 따라잡기 끝🤩,84000,3주 전,슈스스TV,패션,https://i.ytimg.com/vi/Q4sDbMZoK4A/hq720.jpg?sqp=-oaymwEcCOgCEMoBSFXyq4qpAw4IARUAAIhCGAFwAcABBg==&rs=AOn4CLAbZeH_FapW5r06Dt1P5FEmu15MKQ
"우아한 자켓 코디법, 가을자켓 코디, 고급스런 중년패션코디, Middle-aged women's fall fashion outfit",84000,1개월 전,해즐루,패션,https://i.ytimg.com/vi/cunKFBTjiSE/hq720.jpg?sqp=-oaymwEcCOgCEMoBSFXyq4qpAw4IARUAAIhCGAFwAcABBg==&rs=AOn4CLBtx1wEmyMMbaSXYmso90_86LkJpQ
이렇게 입는 남자 어떻게 생각하세요?🤣 [돌싱포맨 패션 지적.zip],84000,3개월 전,레알예능 스브스,패션,https://i.ytimg.com/vi/sSkmdyME3c4/hq720.jpg?sqp=-oaymwEcCOgCEMoBSFXyq4qpAw4IARUAAIhCGAFwAcABBg==&rs=AOn4CLCoaSZrDBmFeDhFjp5e2XH-6RvDDw
ㅅ발?ㅋㅋ이게 힙한 패션 스타일 그자체다,83000,7개월 전,스타일가이드 최겨울,패션,https://i.ytimg.com/vi/_RknbytT_So/hq720.jpg?sqp=-oaymwEcCOgCEMoBSFXyq4qpAw4IARUAAIhCGAFwAcABBg==&rs=AOn4CLBWtTS2MoEp_8KC1vhZegK31qEWBg
둘 중 어느게 더 멋있나요? 패션 vs 스타일,83000,2일 전,런업,패션,https://i.ytimg.com/vi/n-14EXcHi6U/hqdefault.jpg?sqp=-oaymwEcCOADEI4CSFXyq4qpAw4IARUAAIhCGAFwAcABBg==&rs=AOn4CLA2yPLmfN_6exp20p21hrdnHUlLBw
군인이라고..? 탈 군인 패션 미쳤다ㄷㄷ 스스므 베스트,82000,8개월 전,스타일가이드 최겨울,패션,https://i.ytimg.com/vi/jJtb50f7lgA/hq720.jpg?sqp=-oaymwEcCOgCEMoBSFXyq4qpAw4IARUAAIhCGAFwAcABBg==&rs=AOn4CLD9aOJ6QKPgxKFoiNdkaTRT07i9_w
여자들이 무조건 반하는 중년남자 스타일~! 패션을 좀 아는 남자^^,79000,6개월 전,심리조아tv,패션,https://i.ytimg.com/vi/-ltPzWCz05o/hqdefault.jpg?sqp=-oaymwEcCOADEI4CSFXyq4qpAw4IARUAAIhCGAFwAcABBg==&rs=AOn4CLC0PrKBj8LoFziqSLYUdAQYYOdyOA
김건욱 드디어 서울패션위크 진출!,80000,20시간 전,나몰라패밀리 핫쇼,패션,https://i.ytimg.com/vi/cZ_KETPQMrM/hq720.jpg?sqp=-oaymwEcCOgCEMoBSFXyq4qpAw4IARUAAIhCGAFwAcABBg==&rs=AOn4CLDGQunLB13nyvvNI2ONTNUan44CrA
2022 F/W 🔥핫한 명품 패션 트렌드 총정리🔥 영상보고 가을 쇼핑하세요 [매거진 준금],76000,2개월 전,박준금 Magazine JUNGUM,패션,https://i.ytimg.com/vi/par_aWQaDgY/hq720.jpg?sqp=-oaymwEcCOgCEMoBSFXyq4qpAw4IARUAAIhCGAFwAcABBg==&rs=AOn4CLDOTDHmfuHbVTqxpkpnjHjZDDV8Zw
고등학생이 진짜 옷 잘입넼ㅋㅋㅋㅋ와..🙊 고등학생 패션,77000,1개월 전,쩡대의 패션하우스,패션,https://i.ytimg.com/vi/gr5CxkTUuls/hq720.jpg?sqp=-oaymwEcCOgCEMoBSFXyq4qpAw4IARUAAIhCGAFwAcABBg==&rs=AOn4CLBpRm38T493wkfyWyHk6JRt-B6HPA
한국 여름 패션!! 진짜 신기하네 유행은 돌고 도는구나..😵,75000,4개월 전,스타일가이드 최겨울,패션,https://i.ytimg.com/vi/9b8HaUFLQgA/hq720.jpg?sqp=-oaymwEcCOgCEMoBSFXyq4qpAw4IARUAAIhCGAFwAcABBg==&rs=AOn4CLBjD8Jdd0aDrQaTDeW_N5HqKbXJUQ
지방 패션이 서울보다 뒤쳐질 수 밖에 없는 이유,75000,1개월 전,츠통령,패션,https://i.ytimg.com/vi/oFFApJwl46s/hq720.jpg?sqp=-oaymwEcCOgCEMoBSFXyq4qpAw4IARUAAIhCGAFwAcABBg==&rs=AOn4CLAPmlpE0iW6CKgbAcsqVoCS8JWBEg
옷 잘 입는 사람들의 공통점은?🤫 나이대별 참고할만한 패션 스타일 알려드려요~ 【펄이지엥】,75000,13일 전,펄이지엥 Pearlysien,패션,https://i.ytimg.com/vi/yG6Lzo5w8_o/hq720.jpg?sqp=-oaymwEcCOgCEMoBSFXyq4qpAw4IARUAAIhCGAFwAcABBg==&rs=AOn4CLD9CGvdTweYfo2fqbfpRd_u-4OeWA
[리얼인터뷰] 여자가 싫어하는 남자 헤어스타일?ㅣ+패션스타일,74000,2개월 전,백티비 Made in 100,패션,https://i.ytimg.com/vi/tQa8cZRMUPw/hq720.jpg?sqp=-oaymwEcCOgCEMoBSFXyq4qpAw4IARUAAIhCGAFwAcABBg==&rs=AOn4CLB6tJkWJs7Rdt8X9jIYSHICb446vw
으스스한 할로윈 메이크업 룩 및 패션,75000,1개월 전,5 분 Tricks,패션,https://i.ytimg.com/vi/Vf2n-Moojfs/hq720.jpg?sqp=-oaymwEcCOgCEMoBSFXyq4qpAw4IARUAAIhCGAFwAcABBg==&rs=AOn4CLAvJy6TUUmfX8vzLZb_FUcyJiemnA
[ENG CC] 2022 FW 파리패션위크 아직도 안 봤어⁉ 엑기스만 쏙! 쏙! 골라보는 2022 FW 컬렉션 리뷰 2탄,72000,6개월 전,슈스스TV,패션,https://i.ytimg.com/vi/fdohfns7yTY/hq720.jpg?sqp=-oaymwEcCOgCEMoBSFXyq4qpAw4IARUAAIhCGAFwAcABBg==&rs=AOn4CLBXhXDJasUHOrLrdwNby00BgMYmKQ
야심한 밤 나홀로.. ‘겨울 패션템’ 언박싱! 전부 입어만 볼게요~~,72000,12일 전,스타일가이드 최겨울,패션,https://i.ytimg.com/vi/GE4tsRqElX0/hq720.jpg?sqp=-oaymwEcCOgCEMoBSFXyq4qpAw4IARUAAIhCGAFwAcABBg==&rs=AOn4CLBrwtfDyNfdD-rNXzx8pQtPkdAXkA
남자가 좋아하는 여자 가을 패션은 따로 있다ㅣ여자 가을 패션 코디 3탄,72000,1개월 전,마선생,패션,https://i.ytimg.com/vi/9T6yoBakdyQ/hq720.jpg?sqp=-oaymwEcCOgCEMoBSFXyq4qpAw4IARUAAIhCGAFwAcABBg==&rs=AOn4CLBgMf6FGx5VCLHRm4uuW0vv2UB4lA
"[ENG] 유니크한 여름 패션 하울 & 코디추천🦄💜(nff,zara,셀린느,크롬하츠)",71000,5개월 전,안녕하새은 Saeeun,패션,https://i.ytimg.com/vi/Tx5dNPJ-6aA/hq720.jpg?sqp=-oaymwEcCOgCEMoBSFXyq4qpAw4IARUAAIhCGAFwAcABBg==&rs=AOn4CLAPUBMVnxe_zRqDSnFyNqs6VTXn8Q
"97년생 독일 유학파 청년 농부 이야기 (담양 귀농, 백향과/패션푸룻, 청년 창업)",70000,1개월 전,귀농TIME,패션,https://i.ytimg.com/vi/LrIe0Tlw7k8/hqdefault.jpg?sqp=-oaymwEcCOADEI4CSFXyq4qpAw4IARUAAIhCGAFwAcABBg==&rs=AOn4CLCW-H1JCIQ7aH-a48apAT8I-qxEBw
명품없이 옷잘입는 카멜 코디 공식/실패하지않는 부티나는 옷 여자스타일/세련된 코디 패션코디/ 중년패션코디 /옷잘입는법여자 방법,70000,2주 전,패션 팬아시아 Fashion Pan Asia,패션,https://i.ytimg.com/vi/gXbk5RzzvUk/hq720.jpg?sqp=-oaymwEcCOgCEMoBSFXyq4qpAw4IARUAAIhCGAFwAcABBg==&rs=AOn4CLAd7rdAXjkiqox2FzI49lBVgeqGYQ
NYFW(뉴욕패션위크) X CONCEPT KOREA(컨셉코리아)2022 FW Digital Collection is Ready Now!,68000,8개월 전,한국콘텐츠진흥원 Korean Content,패션,https://i.ytimg.com/vi/G8tHYVHCWBI/hq720.jpg?sqp=-oaymwEcCOgCEMoBSFXyq4qpAw4IARUAAIhCGAFwAcABBg==&rs=AOn4CLDOUGAXgJXMRE5hZ49O6CLoX9ZGLQ
패션관련 직업이 멋있어 보인다고요?? 현실은 이렇습니다❗,67000,8개월 전,스타일가이드 최겨울,패션,https://i.ytimg.com/vi/OR_vQS-DJyI/hq720.jpg?sqp=-oaymwEcCOgCEMoBSFXyq4qpAw4IARUAAIhCGAFwAcABBg==&rs=AOn4CLBoLMmPVCJ17Wjmh26upRnPPRSnNg
"요즘 20대 남자, 패션 코디 어떻게 입어?",67000,11개월 전,쩡대의 패션하우스,패션,https://i.ytimg.com/vi/H1lqGGC_p70/hq720.jpg?sqp=-oaymwEcCOgCEMoBSFXyq4qpAw4IARUAAIhCGAFwAcABBg==&rs=AOn4CLCT4OoBquNhir8Ihl3JmF0523ZZ_w
Stylish Neutral Outfit Ideas for Spring/여름 뉴추럴톤 코디/중년패션코디/옷잘입는법 여자/Spring summer 2022/outfits tips,67000,4개월 전,패션 팬아시아 Fashion Pan Asia,패션,https://i.ytimg.com/vi/svCyU7y-tO8/hq720.jpg?sqp=-oaymwEcCOgCEMoBSFXyq4qpAw4IARUAAIhCGAFwAcABBg==&rs=AOn4CLAu_gXEK7eQ8hlWc4JzIuoQd6zQjw
"(ENG)2022 FW 가을, 겨울 패션 트렌드! 현실 적용 가능한 스타일링! (FT. 베스트 컬렉션, 샤넬, 끌로에, 프라다 등)",65000,2개월 전,"프릴라이, bloom in style",패션,https://i.ytimg.com/vi/uI8Eu73u3KU/hq720.jpg?sqp=-oaymwEcCOgCEMoBSFXyq4qpAw4IARUAAIhCGAFwAcABBg==&rs=AOn4CLD-GVQTaYwXHBeXOe6KQf8PPM1KKg
"(eng) 기본템 가득한 가을 패션 하울 🖤 무채색 코디, 명품 입문템 / 보테가베네타 카세트백, 셀린느 트리오페 선글라스, 낫띵리튼 자켓, 코스 가디건, 나이키 캡모자 🧾",68000,3주 전,Minjeong Park,패션,https://i.ytimg.com/vi/rocXypKAj3A/hq720.jpg?sqp=-oaymwEcCOgCEMoBSFXyq4qpAw4IARUAAIhCGAFwAcABBg==&rs=AOn4CLDtTGQPb9f05d6IvvZa3uqPIF8liQ
하..킹받다가 쓰러 질 것 같아.. 중학생 패션 이제 안봐줄래..,65000,1개월 전,쩡대의 패션하우스,패션,https://i.ytimg.com/vi/MsZ3KgEdWqg/hq720.jpg?sqp=-oaymwEcCOgCEMoBSFXyq4qpAw4IARUAAIhCGAFwAcABBg==&rs=AOn4CLCSE78mQte_K11tY44w9t1rCqUP6w
남자들이 좋아하는 여자 가을 패션 [최종편]ㅣ구독자 1:1 코칭 2부,67000,4주 전,마선생,패션,https://i.ytimg.com/vi/tXd6PcPZ4ic/hq720.jpg?sqp=-oaymwEcCOgCEMoBSFXyq4qpAw4IARUAAIhCGAFwAcABBg==&rs=AOn4CLBgBOmKlWOqZWvGX82pweqF287ivg
"Haul🍉2-4만원대 여름옷하울.lookbook.패션하울.only 지그재그!👗반팔트위드.블라우스추천.여름룩북.여름데일리룩.여행룩(프롬비기닝,트렌디어패럴,프렌치오브)",64000,4개월 전,성혜Withhye,패션,https://i.ytimg.com/vi/5W7GrUZGLyU/hq720.jpg?sqp=-oaymwEcCOgCEMoBSFXyq4qpAw4IARUAAIhCGAFwAcABBg==&rs=AOn4CLDIMvOUMGnzhb97m8Ak4ojsamIV5w
스트리트 패션. 런던에서 사람들은 무엇을 입고 있습니까?,68000,12일 전,Natasha Faterina - street fashion in London.,패션,https://i.ytimg.com/vi/StPLUdZLD_c/hq720.jpg?sqp=-oaymwEcCOgCEMoBSFXyq4qpAw4IARUAAIhCGAFwAcABBg==&rs=AOn4CLBf0mmMUAgmLqlw1l7DhGu4pb5Ogw
2021년 현재 남자 고등학생들 어떻게 입어? 😎 고등학생 패션 ep-2,63000,11개월 전,쩡대의 패션하우스,패션,https://i.ytimg.com/vi/b3HGe8UXVHI/hq720.jpg?sqp=-oaymwEcCOgCEMoBSFXyq4qpAw4IARUAAIhCGAFwAcABBg==&rs=AOn4CLDKR3HmOc2cO7luFhqU0dKZrdlfGA
과감하게 아찔하게 화끈하게 입어보자! 은혜의 여름 패션 룩북 🏊‍♀👙 Eunhye's summer fashion lookbook,64000,2개월 전,윤은혜의 은혜로그in,패션,https://i.ytimg.com/vi/4lDimJbwEZk/hq720.jpg?sqp=-oaymwEcCOgCEMoBSFXyq4qpAw4IARUAAIhCGAFwAcABBg==&rs=AOn4CLD3Sb7-99EGxZPiFZt5cF0EJZLjyQ
패션왕 케빈 ! 패션의 중심 동대문에 가서 생긴 일 ㅋㅋㅋㅋ,64000,3주 전,리월드RIWORLD,패션,https://i.ytimg.com/vi/tPMGJqBm4G0/hq720.jpg?sqp=-oaymwEcCOgCEMoBSFXyq4qpAw4IARUAAIhCGAFwAcABBg==&rs=AOn4CLDabDsHOcyQ-vLDLgMct0A04VT_DA
[리얼인터뷰] 첫인상에 호감상승? 남자 패션!ㅣ가을코디ㅣ바지핏,62000,1개월 전,백티비 Made in 100,패션,https://i.ytimg.com/vi/iCRvGZDtT_A/hq720.jpg?sqp=-oaymwEcCOgCEMoBSFXyq4qpAw4IARUAAIhCGAFwAcABBg==&rs=AOn4CLCAWQFx7GD6eSN2FJkcuJhnjaXqDw
2022 F/W 제일 예쁜 국내 브랜드는 어디~? 🤨 【패션토크】,62000,3주 전,디렉터 짱구대디,패션,https://i.ytimg.com/vi/TbBwsA9RNok/hq720.jpg?sqp=-oaymwEcCOgCEMoBSFXyq4qpAw4IARUAAIhCGAFwAcABBg==&rs=AOn4CLBoQWL3J7yoS-BeBkQ2yiQK24A6Gw
내가 좋아하는 패션 스타일 찾는법?? 음.. 제 생각은요..,62000,5개월 전,스타일가이드 최겨울,패션,https://i.ytimg.com/vi/9pz76xS5v50/hq720.jpg?sqp=-oaymwEcCOgCEMoBSFXyq4qpAw4IARUAAIhCGAFwAcABBg==&rs=AOn4CLBv3-UF1iKWWqk_ZiBJ84DRIbbdvQ
"ENG) [윗배] 🍂가을 마지막 룩북...❔, 패션위크, 🥂애프터 파티, 4가지 스타일, 일주일 코디, 옷 추천 | OOTD VLOG | What I wear in a week",62000,2주 전,배배자매-BaeBae vlog,패션,https://i.ytimg.com/vi/PU5lt6B7lmc/hq720.jpg?sqp=-oaymwEcCOgCEMoBSFXyq4qpAw4IARUAAIhCGAFwAcABBg==&rs=AOn4CLBp7-95TmkF2-EJvlPBi6Rk8_fi7A
2022 FW 패션 트렌드 총정리 ⭐️ 꼭 알아야 할 유행 스타일 & 아이템 콕콕 찝어드림!!✔️,59000,2개월 전,에이프롬 ÁFROM,패션,https://i.ytimg.com/vi/L-hAj0enmKk/hq720.jpg?sqp=-oaymwEcCOgCEMoBSFXyq4qpAw4IARUAAIhCGAFwAcABBg==&rs=AOn4CLD4S3kPGMtMFBANMz0XpYvgHcQz_A
"미리보는 22FW 패션 트렌드(작년과 올해의 가장 큰 차이점은?) | 컬러, 스타일, 아이템",59000,3개월 전,스토커즈 STalkers,패션,https://i.ytimg.com/vi/dv1VwX4Ll8g/hq720.jpg?sqp=-oaymwEcCOgCEMoBSFXyq4qpAw4IARUAAIhCGAFwAcABBg==&rs=AOn4CLAwbF3DPIFf8mlsGiSAz1EdFlBwDw
고백 100% 성공하는 패션,59000,5개월 전,꾸티뉴,패션,https://i.ytimg.com/vi/yVPN5EQGjpE/hq720.jpg?sqp=-oaymwEcCOgCEMoBSFXyq4qpAw4IARUAAIhCGAFwAcABBg==&rs=AOn4CLAkhZT-syTgv7WqzEeyqG_j-G3V_w
알아두면 쓸데있는 패션 잡학상식 17가지 [알쓸패잡 ep.001],59000,5개월 전,다나옷,패션,https://i.ytimg.com/vi/TTr2ThOyR8Q/hq720.jpg?sqp=-oaymwEcCOgCEMoBSFXyq4qpAw4IARUAAIhCGAFwAcABBg==&rs=AOn4CLBnncTfWEy5Jo5f5H8RLsPzTCNYuw
"ㅇㅎ) 요즘 길에서 흔하게 보이는 여성 패션,,, 청바지의 새로운 패러다임 '엉찢' ㅗㅜㅑ",59000,1개월 전,웃긴형,패션,https://i.ytimg.com/vi/iuvA2QzdrVw/hq720.jpg?sqp=-oaymwEcCOgCEMoBSFXyq4qpAw4IARUAAIhCGAFwAcABBg==&rs=AOn4CLD9w3AmOHPHMHAovsmhtL60QjTGkg
Mㅓ든지 Dㅏ하는(?) 패션 회사 MD들의 하루 ㅣ 팔초 JOB지 EP.3,56000,11개월 전,8초 TV,패션,https://i.ytimg.com/vi/f-Zu0SuxXo0/hq720.jpg?sqp=-oaymwEcCOgCEMoBSFXyq4qpAw4IARUAAIhCGAFwAcABBg==&rs=AOn4CLDMjbbjiWqj6fYCUwiHoiNOyOeeMg
요즘 학생들 패션이 장난 아니네 ㄷㄷ...🙄 [쩡대 패션평가],56000,4개월 전,쩡대의 패션하우스,패션,https://i.ytimg.com/vi/eEZ3CxZxFEk/hq720.jpg?sqp=-oaymwEcCOgCEMoBSFXyq4qpAw4IARUAAIhCGAFwAcABBg==&rs=AOn4CLBFfN-8hgzdTJiDibGeakutFj1i4w
몸빼 / 코트 추천/ 겨울코디 /세련된 코디 패션코디/ 중년패션코디/ 옷 잘입는법 여자 /겨울코디 스타일링,55000,3주 전,패션 팬아시아 Fashion Pan Asia,패션,https://i.ytimg.com/vi/E7j3DkbOQH4/hq720.jpg?sqp=-oaymwEcCOgCEMoBSFXyq4qpAw4IARUAAIhCGAFwAcABBg==&rs=AOn4CLChAvOljgsEHdBmy4kp3UmPjG6Ygw
"#256 옷 잘 입는 중년의 재킷 200% 활용법, 내 체형에 어울리는 초겨울 재킷 코디",55000,3일 전,성주언니패션뷰,패션,https://i.ytimg.com/vi/1q-YxjsE7vQ/hq720.jpg?sqp=-oaymwEcCOgCEMoBSFXyq4qpAw4IARUAAIhCGAFwAcABBg==&rs=AOn4CLDD65io5SpUpGZXmyaXVMnoHqOAgw
여자 구독자 패션 😲 평가 못하고 감상해버림..,54000,6개월 전,쩡대의 패션하우스,패션,https://i.ytimg.com/vi/Q1bu8P86Wlc/hq720.jpg?sqp=-oaymwEcCOgCEMoBSFXyq4qpAw4IARUAAIhCGAFwAcABBg==&rs=AOn4CLBj-W81Msy-lzEXo7EfluVit3fQ6g
가을 패션 트렌드 MUST-HAVE 10!,53000,1개월 전,stylestory,패션,https://i.ytimg.com/vi/BJnDXNRwpTU/hq720.jpg?sqp=-oaymwEcCOgCEMoBSFXyq4qpAw4IARUAAIhCGAFwAcABBg==&rs=AOn4CLCSdG-dvkRq6SGjivoDmYm9uLjxUQ
중년의가을. 멋지고 실용적인. 패션코디네이트,53000,3주 전,모란tv,패션,https://i.ytimg.com/vi/Ivi2MlASeXE/hqdefault.jpg?sqp=-oaymwEcCOADEI4CSFXyq4qpAw4IARUAAIhCGAFwAcABBg==&rs=AOn4CLA0ttM9zhDo5hHb1l9KmMgu6kd3lw
"발마칸 코트, 비싸면 무조건 좋은가요? 무탠다드 VS 오라리 feat.캡틴선샤인",52000,4일 전,탈패션 FASHION,패션,https://i.ytimg.com/vi/ylKxysxykJg/hq720.jpg?sqp=-oaymwEcCOgCEMoBSFXyq4qpAw4IARUAAIhCGAFwAcABBg==&rs=AOn4CLC1VGy1dYtKKDG-xmcfnNr3xA9cjg
기본템 바지 추천/매그제이/중년패션코디/ 옷 잘입는법 여자 /패션/ 스타일링 여자,52000,3개월 전,패션 팬아시아 Fashion Pan Asia,패션,https://i.ytimg.com/vi/81SGxqARvKc/hq720.jpg?sqp=-oaymwEcCOgCEMoBSFXyq4qpAw4IARUAAIhCGAFwAcABBg==&rs=AOn4CLAyn9CMap-ewcZLCpbbRXGyNIvdRQ
[디지털로 혁신하는 대한민국] 패션이 기술을 만났을 때! 이런 게 바로 SWAG~,51000,13일 전,과학기술정보통신부,패션,https://i.ytimg.com/vi/YG749PPn1d0/hq720.jpg?sqp=-oaymwEcCOgCEMoBSFXyq4qpAw4IARUAAIhCGAFwAcABBg==&rs=AOn4CLA9FgQrpTQQNAQ2p3Fj38Pgy5qzAg
나 패션 왜 이러냐? .. 쩡대가 쩡대를 평가해봤다.,51000,11개월 전,쩡대의 패션하우스,패션,https://i.ytimg.com/vi/Qek5rYtiUVk/hq720.jpg?sqp=-oaymwEcCOgCEMoBSFXyq4qpAw4IARUAAIhCGAFwAcABBg==&rs=AOn4CLCbO_jpYAuYfdPdQDn1rbPtGkXYeg
"귀티나는 중년가을패션, 고급스런 중년가을패션 코디포인트, 고급스런 가을분위기연출, Middle-aged women's fall fashion outfit",51000,1개월 전,해즐루,패션,https://i.ytimg.com/vi/tHtgKnviKrs/hq720.jpg?sqp=-oaymwEcCOgCEMoBSFXyq4qpAw4IARUAAIhCGAFwAcABBg==&rs=AOn4CLBHLdq0UzKTeUe8eucjexgJfemVyw
"이건 진짜 잘샀다,,, 156cm 키작녀 겨울 패션 하울🤍 택배 같이 뜯어봐요 (디자이너 데일리백ㅣ롱다리 부츠컷ㅣ키작녀 운동화👍ㅣ캐시미어 롱코트ㅣ쫀예 카드 지갑)",51000,2주 전,뷰드름 유튜버 인씨,패션,https://i.ytimg.com/vi/_OVf2vfTPZY/hq720.jpg?sqp=-oaymwEcCOgCEMoBSFXyq4qpAw4IARUAAIhCGAFwAcABBg==&rs=AOn4CLBjtRNROY99ZqDcasVACSXalQuEHg
"겨울 패션의 완성은 아우터☃️ 기깔나는 꾸안꾸 겨울 데일리룩 추천 5❄️ | 커버낫, 숏패딩, 데일리룩, 패딩, 겨울 코디, 겨울 룩북",51000,13일 전,휘인 Whee In,패션,https://i.ytimg.com/vi/I87mSNsyqmU/hq720.jpg?sqp=-oaymwEcCOgCEMoBSFXyq4qpAw4IARUAAIhCGAFwAcABBg==&rs=AOn4CLBe_IrHjtQ-aWKf9WfEVtKQZ0JqEg
요즘 여자 중학생 친구들 패션...이거 맞아?! 😞 [쩡대 패션평가],50000,4개월 전,쩡대의 패션하우스,패션,https://i.ytimg.com/vi/5CfC7pydETo/hq720.jpg?sqp=-oaymwEcCOgCEMoBSFXyq4qpAw4IARUAAIhCGAFwAcABBg==&rs=AOn4CLDhzsYAyHG76Hh9IkRTL0f3m9Thgw
런던에서 사람들은 무엇을 입고 있습니까? 가을 스트리트 패션.,48000,6일 전,Natasha Faterina - street fashion in London.,패션,https://i.ytimg.com/vi/0BmQyxMmtXc/hq720.jpg?sqp=-oaymwEcCOgCEMoBSFXyq4qpAw4IARUAAIhCGAFwAcABBg==&rs=AOn4CLDFnDWpFRvaigwmskfbfkU28aMxzQ
'패션 내공100' 짱구대디가 다 답변드립니다. 채택부탁합니다^^ 【패션토크】,46000,2개월 전,디렉터 짱구대디,패션,https://i.ytimg.com/vi/Rul0W6trmuY/hq720.jpg?sqp=-oaymwEcCOgCEMoBSFXyq4qpAw4IARUAAIhCGAFwAcABBg==&rs=AOn4CLDk_zsX5kwCPfaNTc9E019FFAmWEw
Maisie Williams와 함께하는 패션 챌린지 | 네타포르테,46000,6개월 전,NET-A-PORTER,패션,https://i.ytimg.com/vi/EDOkJhB_kxU/hq720.jpg?sqp=-oaymwEcCOgCEMoBSFXyq4qpAw4IARUAAIhCGAFwAcABBg==&rs=AOn4CLAgmkCHZ3wo1cQnDxYS3vOazOerwA
유행하는 데님 스타일은?/ 중년패션코디/ 옷 잘입는법여자/스타일링 여자,45000,4개월 전,패션 팬아시아 Fashion Pan Asia,패션,https://i.ytimg.com/vi/_rD95uhPHDo/hq720.jpg?sqp=-oaymwEcCOgCEMoBSFXyq4qpAw4IARUAAIhCGAFwAcABBg==&rs=AOn4CLCa9ki9oWO5Xz7qRe3vGV7_1LmPnQ
DEMOO PARKCHOONMOO | Spring / Summer 2023 | Seoul Fashion Week,41000,4주 전,Seoul Fashion Week | 서울패션위크,패션,https://i.ytimg.com/vi/EoE1sPEzXUA/hq720.jpg?sqp=-oaymwEcCOgCEMoBSFXyq4qpAw4IARUAAIhCGAFwAcABBg==&rs=AOn4CLB7ovQ8cCAiUMWoXvVUMzoTO9NnZg
날씨는 내 패션을 막을 수 없다. @1596ㅣDisco pang pangㅣTagadaㅣKoreancultureㅣ,44000,8일 전,주태백이TV JTBETV,패션,https://i.ytimg.com/vi/esS_omKXOFE/hq720.jpg?sqp=-oaymwEcCOgCEMoBSFXyq4qpAw4IARUAAIhCGAFwAcABBg==&rs=AOn4CLCPtFdyK05hThxjUeMlR5y1JsjKlg
22SS 골프패션/골프웨어 트렌드? 15분이면 충분해요😏 스타일리스트의 시크릿노트 대공개! with김세연 아나운서 골프웨어 룩북,43000,8개월 전,W.ANGLE(와이드앵글),패션,https://i.ytimg.com/vi/jC4v7AdSRG0/hq720.jpg?sqp=-oaymwEcCOgCEMoBSFXyq4qpAw4IARUAAIhCGAFwAcABBg==&rs=AOn4CLBEJzp0gCJDdpWHdA3B8dO4x2uYiQ
와이드 래그 팬츠/Stylish Neutral Outfit Ideas for Spring/중년패션코디/옷잘입는법 여자/Spring summer 2022/outfits tips,43000,4개월 전,패션 팬아시아 Fashion Pan Asia,패션,https://i.ytimg.com/vi/gdaRwnZxPic/hq720.jpg?sqp=-oaymwEcCOgCEMoBSFXyq4qpAw4IARUAAIhCGAFwAcABBg==&rs=AOn4CLBUOqaesJf0ijQHmWboi3iZ4KiwzQ
이 얼굴로는 패션피플이 불가능할까?,43000,4개월 전,caro Vlogs 까로,패션,https://i.ytimg.com/vi/-VIJHt-D_vM/hq720.jpg?sqp=-oaymwEcCOgCEMoBSFXyq4qpAw4IARUAAIhCGAFwAcABBg==&rs=AOn4CLDBGqJ930JQU9QMJvgxWI0A_gMVwQ
SS시즌을 책임질 ALL화이트 패션 아이디어 얻기 Classic all white ｜지완Gwan's pick,43000,4개월 전,지완Gwan's pick,패션,https://i.ytimg.com/vi/PYpujOUpAhI/hq720.jpg?sqp=-oaymwEcCOgCEMoBSFXyq4qpAw4IARUAAIhCGAFwAcABBg==&rs=AOn4CLDAx3OiaAMRTJdFBEkTaH9415n4Wg
가을 트렌드. 스트리트 패션 . 런던의 스트리트 스타일.,43000,13일 전,Natasha Faterina - street fashion in London.,패션,https://i.ytimg.com/vi/rYf_Xcue7L0/hq720.jpg?sqp=-oaymwEcCOgCEMoBSFXyq4qpAw4IARUAAIhCGAFwAcABBg==&rs=AOn4CLA8N0nOIM8tTF-BvQMX_5NESRVe6g
"롱부츠 추천👢가을 겨울 부츠 하울 • 롱부츠 코디 • 패션 하울 • 기본 티 추천 • 라룸, 쓰리투에이티, 솔트앤초콜릿 lookbook • haul",42000,1개월 전,얼룩alook,패션,https://i.ytimg.com/vi/MMf-zZjelqs/hq720.jpg?sqp=-oaymwEcCOgCEMoBSFXyq4qpAw4IARUAAIhCGAFwAcABBg==&rs=AOn4CLDn20fctvhbnEOdlL4sNJKZuagtOw
패션 대기업은 어떻게 하면 갈 수 있나요? 【패션토크】,41000,8개월 전,디렉터 짱구대디,패션,https://i.ytimg.com/vi/uRBIXvg8OAY/hq720.jpg?sqp=-oaymwEcCOgCEMoBSFXyq4qpAw4IARUAAIhCGAFwAcABBg==&rs=AOn4CLBMFlY1XopPMgVH-KrGkUadeDx3vA
[JOY BOX] 남다른 패션 감각으로 태국을 뒤집어 놓은 이경실 지석진 김용만!!ㅋㅋㅋ #여행의맛 EP.05-5 (TV CHOSUN 221028 방송),42000,5일 전,TVCHOSUN JOY,패션,https://i.ytimg.com/vi/K-dU8SI95Vw/hq720.jpg?sqp=-oaymwEcCOgCEMoBSFXyq4qpAw4IARUAAIhCGAFwAcABBg==&rs=AOn4CLBHw6ObHbn2Ei0MuJn5eLnmxI0tUA
#248 2022년 가을 겨울 패션 트렌드 10! 작년과 달라진 점은 무엇일까?,41000,2개월 전,성주언니패션뷰,패션,https://i.ytimg.com/vi/d0aWThpkXco/hq720.jpg?sqp=-oaymwEcCOgCEMoBSFXyq4qpAw4IARUAAIhCGAFwAcABBg==&rs=AOn4CLByLOWaSbtZufi06olXsuV76HhBvA
뉴진스 명품 풀착장하고 데뷔 ‘Attention’ MV 패션,41000,3개월 전,하빠,패션,https://i.ytimg.com/vi/5G4TaYd56XY/hq720.jpg?sqp=-oaymwEcCOgCEMoBSFXyq4qpAw4IARUAAIhCGAFwAcABBg==&rs=AOn4CLBAn3tE3A6aMjRO8Zrj5SgKrWpEJQ
"22FW 패션 트렌드 요약 정리│포인트컬러, 스타일, 유행할 아이템",40000,2개월 전,스토커즈 STalkers,패션,https://i.ytimg.com/vi/9oO_eoYHXxA/hq720.jpg?sqp=-oaymwEcCOgCEMoBSFXyq4qpAw4IARUAAIhCGAFwAcABBg==&rs=AOn4CLDoiKO7ZAcYRfOrlNh7yftVsT3hgQ
난 이분이 요즘 잘입는 것 같아🤔'이종원님 패션분석' 【패션토크】,39000,5개월 전,디렉터 짱구대디,패션,https://i.ytimg.com/vi/Ffsl7eLSqEQ/hq720.jpg?sqp=-oaymwEcCOgCEMoBSFXyq4qpAw4IARUAAIhCGAFwAcABBg==&rs=AOn4CLDqHs4R4_1ViHtbsph70y1v7XwACg
혹시 패션템으로만 쓰고 있는거 아니지? 애플워치 갸꿀팁 16가지!!,39000,3개월 전,오하이마켓,패션,https://i.ytimg.com/vi/E_Lw0ygn4Sc/hq720.jpg?sqp=-oaymwEcCOgCEMoBSFXyq4qpAw4IARUAAIhCGAFwAcABBg==&rs=AOn4CLCe7O1lzre4HCWcHFaMBE9W2D5guw
"Finale WANT, Lachica, cocaNbutter, DJ co.kr | Fall/Winter 2022 | Seoul Fashion Week",39000,7개월 전,Seoul Fashion Week | 서울패션위크,패션,https://i.ytimg.com/vi/lJMFt7pTsfM/hq720.jpg?sqp=-oaymwEcCOgCEMoBSFXyq4qpAw4IARUAAIhCGAFwAcABBg==&rs=AOn4CLD3nXsi4JJLVktK4ugZC2wL3PQOmQ
남자 코디 할 때 제발 이것만 조심하자!!🔥 [쩡대 패션평가],39000,3개월 전,쩡대의 패션하우스,패션,https://i.ytimg.com/vi/tRTynpi8dSk/hq720.jpg?sqp=-oaymwEcCOgCEMoBSFXyq4qpAw4IARUAAIhCGAFwAcABBg==&rs=AOn4CLANTL3nxIWg-vmem5IAvGACkW_kVQ
[EP.0] 그땐 몰랐죠.. 사무실에서 제로투 추던 조세호가 패션 매거진 편집장이 될 거라는걸..⭐ #쎄오세호 프롤로그,40000,2주 전,스튜디오 훜 : STUDIO HOOK,패션,https://i.ytimg.com/vi/cwv8UXj_LmI/hq720.jpg?sqp=-oaymwEcCOgCEMoBSFXyq4qpAw4IARUAAIhCGAFwAcABBg==&rs=AOn4CLCPauVnSdLjw9pEkxlTK4vDqCMRIA
한국 패션 시장에서 보이는 특이한 현상 2가지,38000,2일 전,츠통령,패션,https://i.ytimg.com/vi/LDUtAnJTUsY/hq720.jpg?sqp=-oaymwEcCOgCEMoBSFXyq4qpAw4IARUAAIhCGAFwAcABBg==&rs=AOn4CLCLD-khDZlgfOdHWUB2ZXOF0HHnTQ
Street fashion from Italy 🇮🇹스트리트 패션,38000,9개월 전,WHAT IS ON TREND IN,패션,https://i.ytimg.com/vi/_tfnUX2qudY/hqdefault.jpg?sqp=-oaymwEcCOADEI4CSFXyq4qpAw4IARUAAIhCGAFwAcABBg==&rs=AOn4CLDftbefeT9B1OElLJoC1nZUynKbkA
그 때 그시절ㅋㅋ 옛날 오타쿠 패션 특징!! 알려드립니다,38000,4개월 전,김래일,패션,https://i.ytimg.com/vi/hcggm0ELOkQ/hq720.jpg?sqp=-oaymwEcCOgCEMoBSFXyq4qpAw4IARUAAIhCGAFwAcABBg==&rs=AOn4CLBxBQIrHpCurwvxS2duMKKQHq21wA
"[해외반응] ""이렇게 입고 밖에 싸돌아 다닌다고..?"" 동네에 하나씩 있는 패션 본 외국인들 충격 // ""한국인들 재밌네요 정말로...""",35000,8일 전,한눈에 세계를,패션,https://i.ytimg.com/vi/ElmaCCbk4iw/hq720.jpg?sqp=-oaymwEcCOgCEMoBSFXyq4qpAw4IARUAAIhCGAFwAcABBg==&rs=AOn4CLBwL-cxisGhaQXDNcPiLC_sKbzJwQ
30대가 아저씨?! 😡 이러니까 아저씨가 되는거라고!!!!!!!!!!!!!!! [30대패션],34000,2개월 전,쩡대의 패션하우스,패션,https://i.ytimg.com/vi/ToxAfEEVsaI/hq720.jpg?sqp=-oaymwEcCOgCEMoBSFXyq4qpAw4IARUAAIhCGAFwAcABBg==&rs=AOn4CLC8ZwPXU7yyeJ_hovWfLlvXNe9pPg
(ENG) VLOG ✹ 뉴욕 패션 위크에 가다.. with COS🗽우당탕탕 4박 뉴욕 pt.2,34000,1개월 전,INGHWA 잉화,패션,https://i.ytimg.com/vi/K3SsrTn-rQI/hq720.jpg?sqp=-oaymwEcCOgCEMoBSFXyq4qpAw4IARUAAIhCGAFwAcABBg==&rs=AOn4CLDTiVME3vF86C0IagD7-wLmBtWACA
2022 패션 트렌드 핵심 총 정리/패션 트렌드이지만 NO/2022 ss 패션 트렌드,34000,9개월 전,패션 팬아시아 Fashion Pan Asia,패션,https://i.ytimg.com/vi/64It_WwQTGc/hq720.jpg?sqp=-oaymwEcCOgCEMoBSFXyq4qpAw4IARUAAIhCGAFwAcABBg==&rs=AOn4CLCj-F_yiip7v4T7RezrHZS2oOWeaw
눈길이 가는 남자 가을 패션｜이번 가을의 주인공은?🤎,34000,1개월 전,네시서,패션,https://i.ytimg.com/vi/g0h8KRxCgOY/hq720.jpg?sqp=-oaymwEcCOgCEMoBSFXyq4qpAw4IARUAAIhCGAFwAcABBg==&rs=AOn4CLAKyFavnUgAkLuk9JR24FbasvB1zg
CARUSO | Spring / Summer 2023 | Seoul Fashion Week,25000,3주 전,Seoul Fashion Week | 서울패션위크,패션,https://i.ytimg.com/vi/GUru4YBxOGw/hq720.jpg?sqp=-oaymwEcCOgCEMoBSFXyq4qpAw4IARUAAIhCGAFwAcABBg==&rs=AOn4CLA1HhdXBUiuLextBdWwj-E3en9UrA
패션의 중요성 .. 핑계는 제발 그만 (feat.외모관리의 중요성),32000,11개월 전,코디메이커피로,패션,https://i.ytimg.com/vi/o_mYnS5us4s/hq720.jpg?sqp=-oaymwEcCOgCEMoBSFXyq4qpAw4IARUAAIhCGAFwAcABBg==&rs=AOn4CLA-k8CH2pGniolKRoxgBj-up8gAGg
남자라면 정말 좋아할 수 밖에 없는 패션 브랜드,32000,3주 전,썅마이웨이,패션,https://i.ytimg.com/vi/pNlCfFuHD-o/hq720.jpg?sqp=-oaymwEcCOgCEMoBSFXyq4qpAw4IARUAAIhCGAFwAcABBg==&rs=AOn4CLCQKls1ENNo5HT0-PwlPLYulmEacQ
HOLY NUMBER 7 | Spring / Summer 2023 | Seoul Fashion Week,30000,3주 전,Seoul Fashion Week | 서울패션위크,패션,https://i.ytimg.com/vi/Fs44M9hrpUY/hq720.jpg?sqp=-oaymwEcCOgCEMoBSFXyq4qpAw4IARUAAIhCGAFwAcABBg==&rs=AOn4CLBugpA9W3UVeCvaMBC7YPbj6vjlWQ
SPECIAL TRENDS SS 2023 - Fashion Channel Chronicle,32000,6일 전,Fashion Channel,패션,https://i.ytimg.com/vi/L-1ePreSvfI/hq720.jpg?sqp=-oaymwEcCOgCEMoBSFXyq4qpAw4IARUAAIhCGAFwAcABBg==&rs=AOn4CLBrfYPGotkC7aCEbbFozfvX3-TPZQ
"파리패션위크 초청받은 장원영 실물에 손까지 덜덜떠는 해외팬들 반응…”파리에서 탑모델까지 부끄럽게 만드는 이 한국 아이돌 여자는 누구야""",31000,1개월 전,극적인,패션,https://i.ytimg.com/vi/u68GPWCKEUo/hq720.jpg?sqp=-oaymwEcCOgCEMoBSFXyq4qpAw4IARUAAIhCGAFwAcABBg==&rs=AOn4CLB70anYW5LSVgJ1VW3alpVd_cxO3Q
지금 알아두면 유용한 2022년 가을/겨울 패션 트렌드,30000,2개월 전,COLIZET 콜리젯TV,패션,https://i.ytimg.com/vi/Dqc4TaGR-_8/hq720.jpg?sqp=-oaymwEcCOgCEMoBSFXyq4qpAw4IARUAAIhCGAFwAcABBg==&rs=AOn4CLAsQFT6cjoLymAeNFQUclx12NK0sw
😵남자 고등학생들은 패션 코디 어떻게 하나?,30000,6개월 전,쩡대의 패션하우스,패션,https://i.ytimg.com/vi/MUWr0EuROOc/hq720.jpg?sqp=-oaymwEcCOgCEMoBSFXyq4qpAw4IARUAAIhCGAFwAcABBg==&rs=AOn4CLAWn9UcsQ0WrcCpJ2quZ54uT5kYpg
JENNIE (제니) 공항패션 모음 AIRPORT FASHION,30000,8개월 전,젠세터 Jensetter,패션,https://i.ytimg.com/vi/fd0tpxLY9vg/hq720.jpg?sqp=-oaymwEcCOgCEMoBSFXyq4qpAw4IARUAAIhCGAFwAcABBg==&rs=AOn4CLB9TV9cby-iU2b29ttgcsRvsR5FFg
겨울 기본템 총정리! 필수적으로 옷장에 있어야할 15가지 쇼핑리스트,31000,3일 전,패션튜브삭형,패션,https://i.ytimg.com/vi/BJ2vYzxd98M/hq720.jpg?sqp=-oaymwEcCOgCEMoBSFXyq4qpAw4IARUAAIhCGAFwAcABBg==&rs=AOn4CLBFsdk5i5pTn8qTkHwbRwO7KZ8EEw
진짜같은 인조 모피 코트의 겨울패션 여자 /중년패션코디/ 옷 잘입는법여자/겨울 스타일링 여자 5가지,29000,11개월 전,패션 팬아시아 Fashion Pan Asia,패션,https://i.ytimg.com/vi/0ZwMbPXSojg/hq720.jpg?sqp=-oaymwEcCOgCEMoBSFXyq4qpAw4IARUAAIhCGAFwAcABBg==&rs=AOn4CLCzOkxJD31sjLNVOUgC9P0ovl-SFQ
이렇게 입으면 싼티나요..! 한끗차이로 저렴해보이는 패션 특징,29000,1개월 전,패션튜브삭형,패션,https://i.ytimg.com/vi/0A7cuUnQWms/hq720.jpg?sqp=-oaymwEcCOgCEMoBSFXyq4qpAw4IARUAAIhCGAFwAcABBg==&rs=AOn4CLBFlE6sQK0TyAhNKmgOalWL0qRWhg
잎새주 먹던 중학생 😆 일진 패션에서 많이 좋아졌네?!,29000,1개월 전,쩡대의 패션하우스,패션,https://i.ytimg.com/vi/17iPa2LXQFs/hq720.jpg?sqp=-oaymwEcCOgCEMoBSFXyq4qpAw4IARUAAIhCGAFwAcABBg==&rs=AOn4CLCw-x9pb31MnIIx6q5LF5A_Xgu9Ew
온라인 게임 패션 테러범 콘테스트,29000,3일 전,꽃핀,패션,https://i.ytimg.com/vi/ZWtVg-8_Yp8/hq720.jpg?sqp=-oaymwEcCOgCEMoBSFXyq4qpAw4IARUAAIhCGAFwAcABBg==&rs=AOn4CLAQ_Ja3ohrRtmeoP5JelQxm9lRD3A
K- 할매 컨셉? 큐티 섹시 컨셉? 패션에 진심인 스우파 리더즈의 스트릿 패션 파이터★ #highlight #해치지않아X스우파 EP.3,29000,8개월 전,tvN,패션,https://i.ytimg.com/vi/4VhS-qS6AEE/hq720.jpg?sqp=-oaymwEcCOgCEMoBSFXyq4qpAw4IARUAAIhCGAFwAcABBg==&rs=AOn4CLC7ETXr9i4n7NeBMTWOJX9XNDIsaA
50세 이상을 위한 의류 이미지. 런던의 스트리트 패션.,29000,1일 전,Natasha Faterina - street fashion in London.,패션,https://i.ytimg.com/vi/S8Qtm9N0IHI/hq720.jpg?sqp=-oaymwEcCOgCEMoBSFXyq4qpAw4IARUAAIhCGAFwAcABBg==&rs=AOn4CLD7nAlMdcPfwTMBqs3loam35ABWSg
[키블유] 궁금한 게 생기면 키워드를 입력해주세요 - 컨셔스 패션 편,28000,6개월 전,채널횻횻,패션,https://i.ytimg.com/vi/xLJLxnzXyFI/hq720.jpg?sqp=-oaymwEcCOgCEMoBSFXyq4qpAw4IARUAAIhCGAFwAcABBg==&rs=AOn4CLBEMdzeA5qtIMZXZ-9ed6Sj-7TFHA
"송강 (SONG KANG), 잘생쁨한 거 알고 있지만... (공항패션)#NewsenTV",28000,5개월 전,뉴스엔·NewsenTV·KOREA Entertainment news,패션,https://i.ytimg.com/vi/O86VG1QVTEc/hq720.jpg?sqp=-oaymwEcCOgCEMoBSFXyq4qpAw4IARUAAIhCGAFwAcABBg==&rs=AOn4CLDjl2M_FJ2WeJI7GpxqAtH4hh_lzA
"〔월말 김어준〕 코코 샤넬, 블랙 드레스로 세상에 복수함. #패션 #김홍기 #미리듣기",28000,4개월 전,월말 김어준 〔audio magazine〕,패션,https://i.ytimg.com/vi/AjjZS0FjkTc/hq720.jpg?sqp=-oaymwEcCOgCEMoBSFXyq4qpAw4IARUAAIhCGAFwAcABBg==&rs=AOn4CLB5XSpI6p5xsjDZ0u5_2Cma1GJEVA
"‘롱한 기장감에 아더 칼라’ 패션업계 해리티지는 영어? 패션업계 잠식한 영어 표현들&패션쇼 파격 의상, 왜 만들고 누가 입나?(신혜영, 이청청)[김어준의 뉴스공장]",28000,7개월 전,TBS 시민의방송,패션,https://i.ytimg.com/vi/boi9BJvTLQU/hq720.jpg?sqp=-oaymwEcCOgCEMoBSFXyq4qpAw4IARUAAIhCGAFwAcABBg==&rs=AOn4CLASwP5wPlKcyYaDaKuQfn0DlP045Q
"겨울 준비 패션 하울 ❄️ 어그 클래식 미니 vs 클리어. 털 슬리퍼. 울 스커트, 카드지갑, 서류 가방 추천 l 아디다스 삼바, 멀버리, 락피쉬웨더웨어, 파사드패턴",28000,6일 전,GUNI 구니,패션,https://i.ytimg.com/vi/q2eSJqGHlQ4/hq720.jpg?sqp=-oaymwEcCOgCEMoBSFXyq4qpAw4IARUAAIhCGAFwAcABBg==&rs=AOn4CLBKfbFxRXPO7ob-m5bPwb39O3EQjg
중년 가을&겨울 데일리 룩 | 여행 룩 | 하객 패션 | 편하고 고급스러운 룩,28000,1개월 전,언니 뭐입지 tv,패션,https://i.ytimg.com/vi/lnBvtSmj_oU/hq720.jpg?sqp=-oaymwEcCOgCEMoBSFXyq4qpAw4IARUAAIhCGAFwAcABBg==&rs=AOn4CLAZkH_EtQjBkCDuFmsu4S3GF2IuNw
내공이 느껴지는 패션 😸 코디 장난아니다 진짜 ㅋㅋㅋ [쩡대 패션평가],26000,5개월 전,쩡대의 패션하우스,패션,https://i.ytimg.com/vi/SVBrX_WD9Oc/hq720.jpg?sqp=-oaymwEcCOgCEMoBSFXyq4qpAw4IARUAAIhCGAFwAcABBg==&rs=AOn4CLAXdL1qAR_3CmVS1fEmq_ZAGsjmlQ
11월 지금 사기 좋은 패션아이템,27000,15시간 전,키작은 광자,패션,https://i.ytimg.com/vi/_GXZCeYYH6o/hq720.jpg?sqp=-oaymwEcCOgCEMoBSFXyq4qpAw4IARUAAIhCGAFwAcABBg==&rs=AOn4CLC0zKiSXSjKwgGBYbR0kAf_1k4hbg
[제품협찬] ✨패션핑의 코디숍에 놀러가요 / 알쏭달쏭 캐치티니핑 / 캐치티니핑 마그네틱 코디숍,27000,1개월 전,꾸러미키즈,패션,https://i.ytimg.com/vi/3dNLZqUh16E/hq720.jpg?sqp=-oaymwEcCOgCEMoBSFXyq4qpAw4IARUAAIhCGAFwAcABBg==&rs=AOn4CLBjDjeVZtIQP3JkhEUb-St7zERveg
"해외에서 더 난리라는 ""한국 충격 패션""근황..ㅎㄷㄷ (이게 맞나..?)",30000,1개월 전,십과사전,패션,https://i.ytimg.com/vi/THKkMwa4F4s/hq720.jpg?sqp=-oaymwEcCOgCEMoBSFXyq4qpAw4IARUAAIhCGAFwAcABBg==&rs=AOn4CLBFFNdkT9UUMQYSPnLfg3hS4YfigA
패션을 사랑하는 당신에게,24000,3개월 전,키작은 광자,패션,https://i.ytimg.com/vi/jCJQgvyDdU8/hq720.jpg?sqp=-oaymwEcCOgCEMoBSFXyq4qpAw4IARUAAIhCGAFwAcABBg==&rs=AOn4CLDcVCuar1b-N2YsHIFeb1FjvcGDvw
(Haul) 🩰 없던 분위기 살려주는 ✷ 패션•뷰티템 하울💍🧺ㅣ낫띵리튼.쥬바인.메종21g.원로그ㅣ질문많던 acc • 향수추천• 폰케이스• 데싱디바,24000,4개월 전,빛날 영* bitnal young,패션,https://i.ytimg.com/vi/73xeauxYraU/hq720.jpg?sqp=-oaymwEcCOgCEMoBSFXyq4qpAw4IARUAAIhCGAFwAcABBg==&rs=AOn4CLDj7EEpld2tKovXUHYCAZ6GuRrfdQ
인터파크: 지금부터 서로 싸워라..! | 최승용 vs 정철원의 직관 패션 대결!? 베어스하우스 털어보기! (08.09),22000,2개월 전,BEARS TV,패션,https://i.ytimg.com/vi/dSCPLt4nzFo/hq720.jpg?sqp=-oaymwEcCOgCEMoBSFXyq4qpAw4IARUAAIhCGAFwAcABBg==&rs=AOn4CLC1vW-Eay4skhn7resKwfpv2gG_8A
런던의 스트리트 스타일. 가을 스트리트 패션 트렌드.,23000,4일 전,Natasha Faterina - street fashion in London.,패션,https://i.ytimg.com/vi/HlQsiCzs4ZQ/hq720.jpg?sqp=-oaymwEcCOgCEMoBSFXyq4qpAw4IARUAAIhCGAFwAcABBg==&rs=AOn4CLDj_0RF1cPo3pWDaM0F0sCQcXO4Pg
'이것만은 놓치지 말자!' 2022FW 패션 트렌드 TOP10,21000,3개월 전,호호시,패션,https://i.ytimg.com/vi/PzNlZt2PbLU/hq720.jpg?sqp=-oaymwEcCOgCEMoBSFXyq4qpAw4IARUAAIhCGAFwAcABBg==&rs=AOn4CLCZG5_39m4TCKA37Kj4-Ppqf2diqw
EP5 – 요즘 패피들은 패션위크에서 어떻게 입었을까? 요즘 유행하는 스트릿 패션 | 여자 스트릿룩 | 스트릿룩 여자 코디 | 23S/S 패션위크,21000,3주 전,푸하하 TV Fashion,패션,https://i.ytimg.com/vi/-W3K6RkpuVQ/hq720.jpg?sqp=-oaymwEcCOgCEMoBSFXyq4qpAw4IARUAAIhCGAFwAcABBg==&rs=AOn4CLA5LrcoELZOTnsg2Xf8xFuwk9O8Cw
"우리들의 영웅 ‘지드래곤’이 돌아왔다 | 지드래곤 패션, 코디모음 2022",21000,7개월 전,진진호,패션,https://i.ytimg.com/vi/QblH-Kx9DX8/hqdefault.jpg?sqp=-oaymwEcCOADEI4CSFXyq4qpAw4IARUAAIhCGAFwAcABBg==&rs=AOn4CLBHo3-10FgAmyMHzTRglqzazqlacg
모델 정하영 밀라노 패션위크 캐스팅 브이로그 🇮🇹ㅣ왓츠 인 마이백 with. 이예인ㅣMilan fashion week casting V-LOG & What's in my bag,21000,1개월 전,ESteemTV,패션,https://i.ytimg.com/vi/evS2lv0mWdk/hqdefault.jpg?sqp=-oaymwEcCOADEI4CSFXyq4qpAw4IARUAAIhCGAFwAcABBg==&rs=AOn4CLBfSN3EEXa0yKxjAeFDoH3bg9VejQ
"🧶심플하고 예쁜 ✷ 22가지 패션템👢☃️ㅣ올 겨울 필수템 준비하기ㅣ부츠 추천, 편한 부츠☁️ㅣ기본 이너, 아우터ㅣ패션하울ㅣ겨울 룩북",22000,3일 전,빛날 영* bitnal young,패션,https://i.ytimg.com/vi/u5QVMy0gvgk/hq720.jpg?sqp=-oaymwEcCOgCEMoBSFXyq4qpAw4IARUAAIhCGAFwAcABBg==&rs=AOn4CLAq8Yl4nEEbDQVR_WgF83O2smkmfw
평타 이상치는 꾸안꾸 남친룩 | 남자 가을&겨울 패션 룩북 | Mens F/W fashion outfit LOOK BOOK 📚| JEROME,20000,2주 전,제롬JEROME,패션,https://i.ytimg.com/vi/o_ueD29JyKs/hq720.jpg?sqp=-oaymwEcCOgCEMoBSFXyq4qpAw4IARUAAIhCGAFwAcABBg==&rs=AOn4CLBX9MszaFuCiLIaa6u0SX61twaqEg
빈티지 부터 명품까지 블랙핑크 Shut down 셧다운 MV 패션 [ENG SUB],20000,1개월 전,하빠,패션,https://i.ytimg.com/vi/-sVXbCU5Yxo/hq720.jpg?sqp=-oaymwEcCOgCEMoBSFXyq4qpAw4IARUAAIhCGAFwAcABBg==&rs=AOn4CLBMDaRusJ1m2hlpONWEK_xj8B0nRA
2022년 이렇게 바뀐다!! 남자패션트렌드!! 올해 유행할 아이템은?!!,19000,9개월 전,오정규,패션,https://i.ytimg.com/vi/WqXQyXF1MbY/hq720.jpg?sqp=-oaymwEcCOgCEMoBSFXyq4qpAw4IARUAAIhCGAFwAcABBg==&rs=AOn4CLBmViGiKOFidEUvlfkI-UiKpR3jnw
"패션, 옷에 관심을 갖게 되면 사람이 이렇게 변합니다 ㅋㅋㅋㅋ",22000,7일 전,쩡대의 패션하우스,패션,https://i.ytimg.com/vi/NnzUtAuzf1s/hq720.jpg?sqp=-oaymwEcCOgCEMoBSFXyq4qpAw4IARUAAIhCGAFwAcABBg==&rs=AOn4CLB8zAXI7scd3IsQZ_Ad2MeAcMB3pQ
주드로와 맷 데이먼으로 보는 패션! 영화 리플리!,19000,8개월 전,풋티지브라더스,패션,https://i.ytimg.com/vi/fmrZs-g1JMY/hq720.jpg?sqp=-oaymwEcCOgCEMoBSFXyq4qpAw4IARUAAIhCGAFwAcABBg==&rs=AOn4CLA8KyKsEeSSatfpIsTL-MkiFqLtBg
패피들이 말하는 최신 유행 신발??? 한 수 배웠습니다🙏 /서울패션위크 / 팀버랜드 / 마틴 로즈 / 샥스 / 유니버시티 블루 / 릭 오웬스 컨버스 / 나이키 [SHOE-REC],19000,11일 전,SOLDOUT,패션,https://i.ytimg.com/vi/OAVShA9o1TQ/hq720.jpg?sqp=-oaymwEcCOgCEMoBSFXyq4qpAw4IARUAAIhCGAFwAcABBg==&rs=AOn4CLD7kGsrNefKvwq8zpBp7yuc7WsBCg
(Sub) Vlog. 직장인 브이로그 | 부츠 패션하울 👢 데일리룩 (+겨울니트 코디 👛) 가을데일리룩 가을코디 직장인코디 대학생코디 겨울룩북 쇼핑하울,19000,2주 전,김아아kimaa,패션,https://i.ytimg.com/vi/tRGWXfgqjKQ/hq720.jpg?sqp=-oaymwEcCOgCEMoBSFXyq4qpAw4IARUAAIhCGAFwAcABBg==&rs=AOn4CLDsomoyqUK6S6LAD7-iYqgneSpLRg
"운동하는 남자분들, 패션 코디할 때 이것만 기억하세요 😁",19000,1개월 전,쩡대의 패션하우스,패션,https://i.ytimg.com/vi/DviPFHvaXLo/hq720.jpg?sqp=-oaymwEcCOgCEMoBSFXyq4qpAw4IARUAAIhCGAFwAcABBg==&rs=AOn4CLAPUOs4BSsDwpzrjOQNDJFBth32Mg
나만 알기 정말 아쉬운 국내 패션 브랜드,18000,3일 전,썅마이웨이,패션,https://i.ytimg.com/vi/OoJqTYPvfuA/hq720.jpg?sqp=-oaymwEcCOgCEMoBSFXyq4qpAw4IARUAAIhCGAFwAcABBg==&rs=AOn4CLCxxhiFc58tZjX36O5nl2gxlMWSOA
도쿄에서 가볼만한 브랜드와 편집샵 모음 | 도쿄 패션 여행기,19000,3일 전,Cheol,패션,https://i.ytimg.com/vi/nSMSmvGQTcg/hq720.jpg?sqp=-oaymwEcCOgCEMoBSFXyq4qpAw4IARUAAIhCGAFwAcABBg==&rs=AOn4CLBLXOYGmU5MXGXrXA0Hj4EFoq_ziw
젤다 22FW 패션 콘테스트,18000,1개월 전,젤다바라,패션,https://i.ytimg.com/vi/iwu1Ra-rM78/hq720.jpg?sqp=-oaymwEcCOgCEMoBSFXyq4qpAw4IARUAAIhCGAFwAcABBg==&rs=AOn4CLDhW739qlKIN_fXzF83sWncpxCSMg
2022 S/S 패션 트렌드 10가지 깔끔정리📌( + ZARA에서 당장 구매할 수 있는 트렌드템 까지!),17000,8개월 전,패션디자이너 힙토리,패션,https://i.ytimg.com/vi/jBPcQsyj1LM/hq720.jpg?sqp=-oaymwEcCOgCEMoBSFXyq4qpAw4IARUAAIhCGAFwAcABBg==&rs=AOn4CLCPBC4ZnRCaC5ZUeQi_R7zED7wkLg
"FILA 정철원vs최승용 3차 패션 대결, 최종편!! (이번엔 큰 판에서!)",17000,1개월 전,BEARS TV,패션,https://i.ytimg.com/vi/P_2s49ozZe4/hq720.jpg?sqp=-oaymwEcCOgCEMoBSFXyq4qpAw4IARUAAIhCGAFwAcABBg==&rs=AOn4CLAgMatlq8oCzWhHB2FLoiJ1MuzHeQ
런던의 스트리트 패션. 세련된 옷 이미지.,17000,3일 전,Natasha Faterina - street fashion in London.,패션,https://i.ytimg.com/vi/K9EsKDYMJq4/hq720.jpg?sqp=-oaymwEcCOgCEMoBSFXyq4qpAw4IARUAAIhCGAFwAcABBg==&rs=AOn4CLDmuP4VbBQOhqCOCgQBO64jc1xA6Q
요즘 20대 한국 남자 패션 특징(?),17000,1일 전,썅마이웨이,패션,https://i.ytimg.com/vi/ZzYCrFV40w4/hq720.jpg?sqp=-oaymwEcCOgCEMoBSFXyq4qpAw4IARUAAIhCGAFwAcABBg==&rs=AOn4CLD2rS1fyM2vWlwjLLjLrp1IDVXxpA
"스프레이 뿌리면 완성되는 드레스, 파리 패션위크 최고의 패션쇼",16000,1개월 전,아트이슈 - ART ISSUE,패션,https://i.ytimg.com/vi/3K7qDMOFhrg/hq720.jpg?sqp=-oaymwEcCOgCEMoBSFXyq4qpAw4IARUAAIhCGAFwAcABBg==&rs=AOn4CLDii29_zxLNMSe63aRRGhesw5Pb_g
방송 나가도 되나? 리셀샵에서 만난 음뫄 핫소스 매운맛 패션🔥,15000,4개월 전,하빠,패션,https://i.ytimg.com/vi/RwTh7JdJk7w/hq720.jpg?sqp=-oaymwEcCOgCEMoBSFXyq4qpAw4IARUAAIhCGAFwAcABBg==&rs=AOn4CLCwjeoMSwX_0KfNaS_d0mw2SGn6fA
MMAM | Spring / Summer 2023 | Seoul Fashion Week,20000,3주 전,Seoul Fashion Week | 서울패션위크,패션,https://i.ytimg.com/vi/VTe_Ezye32Q/hq720.jpg?sqp=-oaymwEcCOgCEMoBSFXyq4qpAw4IARUAAIhCGAFwAcABBg==&rs=AOn4CLClDgnwjtRlFW6o9eJixNbQlKeksw
"Chanel bag in Paris ,France, street style street fashion.",15000,8일 전,PARIS STREET STYLE PARIS STREET FASHION,패션,https://i.ytimg.com/vi/7duB8129JYg/hq720.jpg?sqp=-oaymwEcCOgCEMoBSFXyq4qpAw4IARUAAIhCGAFwAcABBg==&rs=AOn4CLCCSACOtneDsq5S2L9ek_3cjy2wew
(ENG) 엘리자베스 2세 여왕의 패션 비밀 & 미국 퍼스트레이디 패션/중년패션코디/ 옷 잘입는법여자/스타일링 여자,14000,1개월 전,패션 팬아시아 Fashion Pan Asia,패션,https://i.ytimg.com/vi/eGnivET_Yqo/hq720.jpg?sqp=-oaymwEcCOgCEMoBSFXyq4qpAw4IARUAAIhCGAFwAcABBg==&rs=AOn4CLCoruE-Qu_527p_3IsYPmuiiAAD5A
패션크립토(FashionCrypto)NFT | 패션 전문가 김동혁 대표이사가 만든 패션피플들이 좋아할 패션 아바타 NFT!,14000,5개월 전,코인버핏(CoinBuffett),패션,https://i.ytimg.com/vi/EBjSNKePebk/hq720.jpg?sqp=-oaymwEcCOgCEMoBSFXyq4qpAw4IARUAAIhCGAFwAcABBg==&rs=AOn4CLAY2Opo9bK1ZE0R_iN3-_TYRgT0ww
래퍼들의 패션으로 보는 '2022 남자 패션 트렌드',14000,2개월 전,츠통령,패션,https://i.ytimg.com/vi/kjcgnW_dJYI/hq720.jpg?sqp=-oaymwEcCOgCEMoBSFXyq4qpAw4IARUAAIhCGAFwAcABBg==&rs=AOn4CLASI3qeKdHsxPfvbhkWtKkbtXq2pQ
(ENG)💎입덕부정기 수누추의 세븐틴 사복패션 탐구하기 | seventeen fashion | 고잉세븐틴 모먼트는 덤 💎,14000,9개월 전,수누추sunuchu,패션,https://i.ytimg.com/vi/NgsYcsYoU9g/hq720.jpg?sqp=-oaymwEcCOgCEMoBSFXyq4qpAw4IARUAAIhCGAFwAcABBg==&rs=AOn4CLDvq9gpuVjxSrTblce4cC4citK9uQ
칸예웨스트가 성공한 비밀 이야기｜칸예｜이지｜나이키｜아디다스｜패션,13000,2주 전,돈깡,패션,https://i.ytimg.com/vi/vz1xDNmS9-I/hq720.jpg?sqp=-oaymwEcCOgCEMoBSFXyq4qpAw4IARUAAIhCGAFwAcABBg==&rs=AOn4CLB0ad6KMMSyXgSEbMqEs5DxP325eQ
"파리 패션위크로 가는 KPOP 아이돌의 놀라운 공항패션 가격정보(ENG, ESP, INDO)",13000,1개월 전,Doyouram - Everyday K-Culture,패션,https://i.ytimg.com/vi/1WCH-aFAyiA/hq720.jpg?sqp=-oaymwEcCOgCEMoBSFXyq4qpAw4IARUAAIhCGAFwAcABBg==&rs=AOn4CLDm9I9K4O2UseX_onPN8humtwTbzg
"〔월말 김어준〕 샤넬의 질투, 지식인, 이방인, 패션 독재자 #패션 #김홍기",13000,1개월 전,월말 김어준 〔audio magazine〕,패션,https://i.ytimg.com/vi/BwGV4x4rbLw/hq720.jpg?sqp=-oaymwEcCOgCEMoBSFXyq4qpAw4IARUAAIhCGAFwAcABBg==&rs=AOn4CLD_YDOgbBdsC16_may8cXtHDoafCQ
20억이 입금되었는지 금으로 싹 바뀐 동그라미의 패션,13000,3개월 전,당신 누구야?,패션,https://i.ytimg.com/vi/czsBzErXPaU/hq720.jpg?sqp=-oaymwEcCOgCEMoBSFXyq4qpAw4IARUAAIhCGAFwAcABBg==&rs=AOn4CLDvPU3CYNMkaaNe3F9a4o283ajfng
Moschino SS23 fashion show,13000,1개월 전,Moschino,패션,https://i.ytimg.com/vi/KfIq_DbVs-Q/hq720.jpg?sqp=-oaymwEcCOgCEMoBSFXyq4qpAw4IARUAAIhCGAFwAcABBg==&rs=AOn4CLDm-CK6IoxneMd8I9LKY5ZLqmAa9A
'2023 S/S 파리 패션 위크 출장' 요즘 난리난 브랜드는 바로 '여기'입니다!,13000,3개월 전,호호시,패션,https://i.ytimg.com/vi/YhgxRboH2Lw/hq720.jpg?sqp=-oaymwEcCOgCEMoBSFXyq4qpAw4IARUAAIhCGAFwAcABBg==&rs=AOn4CLDxjX4xUGOKGUo6uCJWx-djHFZ0mQ
SUB) 외국 여자들이 반한 한국남자 패션 [룩개팅],13000,1일 전,LOOKGATIING [룩개팅],패션,https://i.ytimg.com/vi/C7MO55T8VUA/hq720.jpg?sqp=-oaymwEcCOgCEMoBSFXyq4qpAw4IARUAAIhCGAFwAcABBg==&rs=AOn4CLDJNvIcxwpSsUER9YT3soRFi4Ap1Q
이 영상 하나면 휴양지 패션 끝!! 🌴👀 바캉스룩북 (여름 패션 하울),12000,5개월 전,제시하다Jessiehada,패션,https://i.ytimg.com/vi/BiQMTL2Xkro/hq720.jpg?sqp=-oaymwEcCOgCEMoBSFXyq4qpAw4IARUAAIhCGAFwAcABBg==&rs=AOn4CLA4x959OKOkok9KSxaG4iLtr6tjSw
KCM: 저는 패션 암흑기였던 적은 없어요. 지독한 패션 스타일 해명하러 왔습니다ㅣ인생 X컷 / 14F,12000,1개월 전,14F 일사에프,패션,https://i.ytimg.com/vi/OHjmCB5u12M/hq720.jpg?sqp=-oaymwEcCOgCEMoBSFXyq4qpAw4IARUAAIhCGAFwAcABBg==&rs=AOn4CLCrNbYa9loQgc4ixnCgzm1Crb7O6w
7살부터 70살까지 서울패션위크 미친 존재감 뽐내는 옷잘러들!,11000,2주 전,하빠,패션,https://i.ytimg.com/vi/QHrOca6zJGM/hq720.jpg?sqp=-oaymwEcCOgCEMoBSFXyq4qpAw4IARUAAIhCGAFwAcABBg==&rs=AOn4CLA7b2nqle3lqhaCnlIa51iHzReNJg
콘서트 도중에 런웨이를? 패션 페스티벌 기획자 리얼 vlog [넥스트 패션 백스테이지],11000,1개월 전,MUSINSA TV,패션,https://i.ytimg.com/vi/GHZC8VN8u-Y/hq720.jpg?sqp=-oaymwEcCOgCEMoBSFXyq4qpAw4IARUAAIhCGAFwAcABBg==&rs=AOn4CLDZLaqE8A0J4TBogkswdnhhfq8Ysw
영화 속 패션 분석: 캐치 미 이프 유 캔,10000,6개월 전,풋티지브라더스,패션,https://i.ytimg.com/vi/LRywHvLC4kQ/hq720.jpg?sqp=-oaymwEcCOgCEMoBSFXyq4qpAw4IARUAAIhCGAFwAcABBg==&rs=AOn4CLCKmWYxdSj9SM92WjSn3AenKkBU6w
이제 몽클레어 패딩 준비하셔야 합니다 (feat.매치스패션 직구),10000,3주 전,직구왕,패션,https://i.ytimg.com/vi/436QblBZxKY/hq720.jpg?sqp=-oaymwEcCOgCEMoBSFXyq4qpAw4IARUAAIhCGAFwAcABBg==&rs=AOn4CLCU50s69SFefjoVpFTu8vYx1cYnOg
"고급스런 중년가을패션, 귀티나는 가을분위기연출, Middle-aged women's fall fashion outfit, 중년가을코디",10000,1개월 전,해즐루,패션,https://i.ytimg.com/vi/uug_kiY9L-0/hq720.jpg?sqp=-oaymwEcCOgCEMoBSFXyq4qpAw4IARUAAIhCGAFwAcABBg==&rs=AOn4CLBh0pkcnyhI8u5Vp1F4uChtnDi6yQ
패션 유튜버 5대장 모임에 형은 왜 껴요?! 😵,10000,1개월 전,쩡대의 패션하우스,패션,https://i.ytimg.com/vi/TQbURtss5co/hq720.jpg?sqp=-oaymwEcCOgCEMoBSFXyq4qpAw4IARUAAIhCGAFwAcABBg==&rs=AOn4CLDTLKy6AGTjIMYA0uKUkR1qEId5wg
패션여행 - 중년의 가을 패션/ 세련된 가을 코디 선택/ 중년 감성/ 멋스러운 가을 패션/ 4060 가을 패션/ 중년가을옷,10000,3주 전,패션여행,패션,https://i.ytimg.com/vi/_jnuhGdREzw/hq720.jpg?sqp=-oaymwEcCOgCEMoBSFXyq4qpAw4IARUAAIhCGAFwAcABBg==&rs=AOn4CLDOb08F7RmANLHRS0c8QjaX9rGqIw
vlog. 데일리룩. 패션하울. 겨울 코트 디자이너 브랜드. 노티아. 겨울 아이템 벤시몽. h&m 리코이 아브라함문 무신사스탠다드 에잇세컨즈 앤니즈 토마스모어. 겨울 룩북. 출근룩,10000,7일 전,우연 U yeon,패션,https://i.ytimg.com/vi/Y4KldbnLpNU/hq720.jpg?sqp=-oaymwEcCOgCEMoBSFXyq4qpAw4IARUAAIhCGAFwAcABBg==&rs=AOn4CLDxXYUB5BFHhiDgzDDwTaY_jN1lmA
